TITLE,MODEL,DESCRIPTION,CONDITION,STATUS,PRICE_LIST,PRICE
Karcher - Conexiune intre furtunuri,2.645-197.0,"Unitate de reparare universala pentru furtunuri adecvata pentru toate furtunurile de gradina obisnuite. Pentru conectarea sau repararea a doua bucati de furtun. Design ergonomic pentru manevrare usoara.,Cod de comanda:2.645-197.0",Nou,,21.0,"19,43"
Karcher - Tija furtun,2.645-237.0,"Cramponul de la sol este utilizat pentru asezarea si fixarea furtunurilor Kärcher Rain System® si a furtunurilor de absorbtie. Inelul de cauciuc integrat in punctul de fixare asigura o prindere optima.,Cod de comanda:2.645-237.0",Nou,La comanda,0.0,"20,00"
Karcher - UNI10-Set de saci,UNI10,Set de 3 saci* Capacitate 10 l* Filtru universal: 59-70mm* Compatibil cu modelele: Karcher (WD2)/Hoover//Nilfisk-Alto,Nou,In stoc ,0.0,"29,00"
Karcher - Cuplaj cu 3 capete din alama,2.645-101.0,"Calitate care face fata oricarei presiuni. Noua linie de alama de la Kärcher este destinata utilizarii semiprofesionale in gradina Dvs. Prelucrarea valoroasa si materialul robust garanteaza o durata de viata extrem de lunga chiar si in cazul utilizarii continue.,Cod de comanda:2.645-101.0",Nou,,40.0,"37,10"
Karcher - Distribuitor cu 2 cuplaje,2.645-199.0,"Distribuitor cu 2 cuplaje pentru 2 racorduri de apa independente, reglabile individual. Ideal pentru conectarea a doua furtunuri la un singur robinet individual (racord de robinet G3/4, piesa de reducere G1/2).,Cod de comanda:2.645-199.0",Nou,,51.0,"48,26"
Karcher - Aspersor circular RS 130/3,2.645-019.0,"Aspersor circular cu 3 brate metalice robuste. Pentru suprafete medii si gradini. Sistem clic potrivit tuturor marcilor!,Cod de comanda:2.645-019.0",Nou,La comanda,0.0,"72,00"
Karcher - Suport furtun Premium cu cutie,2.645-162.0,"Carlig Plus robust pentru furtunuri, pentru montarea usoara pe perete. Depozitare practica si compacta a furtunului. Cu cutie de depozitare pentru aparate de stropit, racorduri si manusi de gradinarit si cutie de depozitare pentru foarfeca de gradina etc. Ideal pentru toate furtunurile obisnuite.,Cod de comanda:2.645-162.0",Nou,La comanda,0.0,"120,00"
Karcher - Cronometru de alimentare cu apa WT 4,2.645-174.0,"Unitate de irigare usor de programat pentru irigarea la cerere. Irigarea incepe si se termina la timpul presetat. Cu display demontabil. Cu adaptor pentru robinet si prefiltru.,Cod de comanda:2.645-174.0",Nou,La comanda,222.0,"185,00"
Karcher - Aspirator de geamuri WV Easy Plus,1.633-177.0,"Pentru curățarea geamurilor fără efort,cod comanda: 1.633-177.0",Nou,in stoc ,518.0,"270,00"
Karcher - Aspirator uscat - umed WD3,1.628-101.0,"Karcher WD 3,Aspiratorul multifunctional WD3 puternic si eficient din punct de vedere energetic este echipat cu un recipient din plastic de 17 litri, un filtru cu cartus, precum si accesorii noi.,Cod de comanda:1.628-101.0",Nou,la comanda ,539.0,"349,00"
Karcher - Cutie pentru ploaie Karcher,2.645-238.0,"Karcher Rain Box, extensibila, cu filtru, colierele anti-picurare, piesele de racordare si furtunurile sunt setul de pornire ideal gata de racordare pentru irigarea eficienta a gradinii.,Cod de comanda:2.645-238.0",Nou,La comanda,0.0,"402,00"
Karcher - Foarfeca de tuns gardul viu HGE 18-50,1.444-240.0,"Prevăzută cu un mâner rotativ la 180° și o perie specială, foarfeca de tuns gardul viu cu acumulator HGE 18-50 Battery este ușor de utilizat și asigură un rezultat precis de tăiere.,Foarfeca vine fara baterie si incarcator,cod comanda: 1.444-240.0",Nou,La comanda,582.0,"496,00"
Karcher - CURATITOR CU ABURI SC 2 UPRIGHT EasyFix,1.513-345.0,"Cu aparatul de curățat cu aburi SC 2 Upright ,EasyFix,, sunt îndepărtate de pe suprafețele dure, până la 99,999% din coronavirusuri * și 99,99% din toate bacteriile obișnuite de uz casnic **,cod comanda: ,1.513-345.0",Nou,La comanda,595.0,"560,00"
Karcher - Programator digital ST6 Duo eco!ogic-2 senzori,2.645-214.0,"Computerul de irigare ecologica ST6 SentoTimer inteligent este actionat de cererea de apa a plantelor si iriga tinand cont de controlul umiditatii cu ajutorul a 2 senzori radio separati.,Cod de comanda:2.645-214.0",Nou,La comanda,761.0,"636,00"
Karcher - Suflanta pentru frunze LBL 2 battery set,1.445-110.0,"Suflanta frunze LBL 2 cu baterie și încărcător. Aerul suflat atinge o viteză maximă de 210 km/h, fiind perfect echilibrată.,Suflanta vine cu baterie si incarcator,cod comanda: 1.445-110.0",Nou,La comanda,725.0,"700,00"
Karcher - Pompa de apa murdara BTSZ 400 SPECIAL,BTSZ 400 SPECIAL,"Pompa poate fi utilizată eficient pentru transportarea apei uzate brute cu conţinut de impurităţi de pe şantiere sau a apei cu conţinut de particule flotante şi obiecte solide.,comanda: BTSZ 400 SPECIAL",Nou,,1014.0,"780,00"
Karcher - Curatitor cu abur SC3 EASYYFIX,1.513-110.0,"Aparatul de curatat cu abur Kärcher SC 3 cu cartus de decalcifiere asigura o curatare non-stop, datorita rezervorului ce poate fi reumplut continuu. Incalzire in doar 30 de secunde!,cod comanda: 1.513-110.0",Nou,in stoc ,1094.0,"850,00"
Karcher - APARAT DE SPALAT CU PRESIUNE K 3 PREMIUM POWER CONTROL,1.602-750.0,Versiunea premium a aparatului de spălat cu presiune K 3 Power Control include și un tambur de furtun. Prin intermediul aplicației putem obtine rezultate de curățare mai eficiente.,Nou,La comanda,1290.0,"995,00"
Karcher - Mop electric  FC 5,1.055-400.0,"Mopul electric cu aspirare FC 5 cu role din microfibre și funcție de 2-in-1 pentru ștergere și aspirare a murdăriei umede și uscate dintr-o singură trecere.,cod comanda: 1.055-400.0",Nou,,1154.0,"1 120,00"
Karcher - Trimmer pentru gazon LTR 36-33 battery set,1.444-351.0,"Iarba și buruienile greu de îndepărtat nu au nicio șansă în fața trimmerului pentru gazon LTR 36-33 Battery. ,Setul include un acumulator și un încărcător rapid.,cod comanda : 1.444-351.0",Nou,La comanda,1351.0,"1 250,00"
Karcher - Masina de tuns iarba GLM46P,GLM46P,"Mașină de tuns gazonul cu lățime de tundere de 46 cm, pentru tunderea rapidă și precisă a  suprafețelor de până la 1.500 m . Mașină puternică, dotată cu motor Briggs & Stratton,cu o garantie extinsa de 3 ani, carcasă și șasiu metalice, cu posibilitate de evacuare laterală, autopropulsata.,cod comanda: GLM46P",Nou,,1900.0,"1 500,00"
Karcher - APARAT DE SPALAT CU PRESIUNE K5 POWER CONTROL,1.324-550.0,"Pentru un control și mai bun: aparatul de spălat cu presiune K5 Power Control cu asistare prin intermediul aplicației, pistolul de pulverizare G 160 Q Power Control, lance de pulverizare Vario Power și sistemul ,Plug 'n' Clean,.,cod comanda: 1.324-550.0",Nou,in stoc ,2350.0,"1 800,00"
Karcher - Curatitor cu apa sub presiune K7 Compact Home,1.447-053.0,"K 7 Compact Home cu motor răcit cu apă. Pentru utilizarea frecventă și îndepărtarea murdăriei persistente. Poate curăța potecile, piscinele, bicicletele sau vehiculele mari.,Presiune : 180 bari ,Varianta Home vine in plus cu : -Tracer 450 curatitor de suprafete ,Pentru curatarea cu spuma puternica va recomandam sa achizitionati accesoriul Fj 6 (Pentru autoturisme, motociclete, etc. ) ,click aici pentru naviga spre produs!,cod comanda: 1.447-053.0",Nou,in stoc ,3248.0,"2 450,00"
Karcher - Curatitor cu abur SG 4/4,1.092-104.0,"Aparat de curatat cu abur compact SG 4/4 cu o presiune puternica a aburului de 4 bari. Cu control variabil continuu al volumului de aburi si functie VapoHydro pentru o curatare perfecta si fara utilizarea substantelor chimice.,Curatitor cu aburi fara functie de aspirare,Extrem de eficient atunci când vine vorba de combaterea virusului COVID-19 ,având o temperatură de 100 °C și o presiune de 4 bari.,Cod de comanda:1.092-104.0",Nou,In stoc ,7861.0,"5 390,00"
Karcher - MOP ELECTRIC BR 4.300,1.783-212.0,"Aparatul compact de curatat podele dure BR 4.300 este alternativa inovativa si puternica pentru curatarea manuala a suprafetelor dure de la 20 pana la 200 m², datorita celor doar 11,5 kg ale sale . Podeaua este imediat uscata dupa curatare, neprezentand pericol de alunecare.,cod comanda: 1.783-212.0",Nou,La comanda,7427.0,"5 170,00"
Karcher - Purificator de aer AF 100,1.024-810.0,"Pentru o calitate optimă a aerului în camere de până la 100m²: purificatorul de aer mobil AF 100 cu senzor laser precis, mod automat și mai multe tipuri de filtre pentru diferite domenii de aplicare.,cod comanda: 1.024-810.0",Nou,In stoc,5554.0,"3 820,00"
Karcher - Aspirator cu spalare PUZZI 10/1,1.100-130.0,"Puzzi, 10/1 cu duza pentru podea/duza pentru tapiserii pentru curatarea covoarelor si a tapiseriilor prin spray-extractie. Ideal pentru suprafete mici. Cu carlig integrat pentru cablu si suport pentru maner prevazut cu teava de aspirare/declansator.,cod comanda: 1.100-130.0",Nou,IN STOC ,5540.0,"3 810,00"
Karcher - APARAT DE SPALAT CU PRESIUNE K7 PREMIUM SMART CONTROL HOME,1.317-233.0,"K 7 Premium Smart Control: aparat de spălat cu presiune cu Bluetooth, aplicație, modul boost pentru putere suplimentară, pistol de pulverizare G 180 Q Smart Control, lance 3-în-1 Multi Jet, tambur furtun. Include setul Home.,cod comanda:1.317-233.0,Varianta premium-smart home vine in plus cu:,-tambur pentru strangerea furtunului de presiune,-bluetooth pentru conectarea cu telefonul,-Accesoriu de spalat suprafete ",Nou,in stoc ,4388.0,"3 390,00"
Karcher - Aspirator cu abur SV 7,1.439-410.0,"Curatare cu abur, aspirare și uscarea într-o singură trecere, aspiratorul cu abur SV 7 combină multifuncționalitatea și confortul maxim într-un singur dispozitiv!,cod comanda: 1.439-410.0",Nou,,4074.0,"3 150,00"
Karcher - APARAT DE SPALAT CU PRESIUNE K7 PREMIUM SMART CONTROL,1.317-230.0,"O curățare perfectă cu ajutorul aplicației Home & Garden: aparatul de spălat cu presiune K7 Premium Smart Control cu modul boost. Poate fi conectat la smartphone prin Bluetooth.,cod comanda: 1.317-230.0,Varianta premium-smart home vine in plus cu:,-tambur pentru strangerea furtunului de presiune,-bluetooth pentru conectarea cu telefonul",Nou,La comanda,3920.0,"3 080,00"
Karcher - Statie de calcat cu abur SI 4 Iron Kit Easy Fix,1.512-462.0,"Stația de călcat SI 4 ,EasyFix, Iron pentru călcare usoara și curățare neîntreruptă datorită fierului cu aburi și rezervorului de apă permanent reîncărcabil. Incl. masă de călcat activă.,cod comanda: 1.512-462.0",Nou,la comanda ,3867.0,"3 050,00"
Karcher - Aspirator cu spalare Puzzi 8/1 C,1.100-240.0,"Cu Puzzi 8/1 C extindem gama noastra existenta de produse de curatare cu spray-extractie cu un aparat puternic din clasa de baza. Acest aparat cu spray-extractie poate fi folosit eficient pentru curatarea tapiteriei sau a petelor de pe mochete. Datorita volumului extrem de scazut de umezeala reziduala, mochetele si tapiteria curatate pot fi folosite din nou rapid.,Cod de comanda:1.100-240.0",Nou,IN STOC ,4300.0,"2 920,00"
Karcher - Masina de tuns iarba LMO BATTERY 36-46 SET,1.444-470.0,"Mașina de tuns iarba cu acumulator LMO 36-46.  Cu tracțiune pe spate prin apăsarea unui buton - deosebit de practică pe plan înclinat.,Battery Set vine cu acumulator și încărcător rapid.,cod comanda: 1.444-470.0",Nou,La comanda,4399.0,"2 772,00"
Karcher - APARAT DE SPALAT CU PRESIUNE K5 PREMIUM SMART CONTROL HOME,1.324-673.0,"K 5 Premium Smart Control: aparatul de spălat cu presiune cu Bluetooth, control prin aplicație, modul boost pentru putere suplimentară, pistol de pulverizare G 180 Q Smart Control, lance de pulverizare Multi Jet 3 în 1, tambur pentru furtun. Include Home kit,cod comanda: ,1.324-673.0,Varianta premium-smart home vine in plus cu:,-tambur pentru strangerea furtunului de presiune,-bluetooth pentru conectarea cu telefonul,-varianta Home vine in plus cu un curatitor de suprafete.",Nou,in stoc ,3280.0,"2 540,00"
Karcher - CURATITOR CU APA CUPRESIUNE K7 SMART CONTROL,1.317-200.0,"O curățare perfectă cu ajutorul aplicației Home & Garden: aparatul de spălat cu presiune K7 Smart Control cu modul boost. Poate fi conectat la smartphone prin Bluetooth.,cod comanda: 1.317-200.0,Varianta smart vine cu bluetooth pentru conectarea cu telefonul",Nou,In stoc ,3750.0,"2 490,00"
Karcher - Masina de tuns iarba LMO BATTERY 36-40 SET,1.444-450.0,"Cu mașina de tuns iarba cu acumulator LMO 36-40 .Battery Set cu lățime mare de tăiere și recipient încăpător de colectare se lucrează mai eficient. ,Setul include acumulator și încărcător rapid.,cod comanda: 1.444-450.0",Nou,Produsul nu mai este disponibil,3000.0,"2 380,00"
Karcher - Curatitor cu abur SC5 Iron Kit Easy Fix,1.512-536.0,"SC 5 Iron Kit: cel mai puternic aparat de curatat cu abur (4,2 bari presiune a aburului)! Cu duza pentru podele EasyFix, functie ,VapoHydro,, rezervor apa cu reumplere continua si fier de calcat cu abur!,Varianta Sc 5 Iron Kit vine in plus cu:,-fier de calcat,cod comanda: ,1.512,-536.0",Nou,,3003.0,"2 322,00"
Karcher - APARAT DE SPALAT CU PRESIUNE K 5 PREMIUM SMART CONTROL,1.324-670.0,"K 5 Premium Smart Control: aparatul de spălat cu presiune cu Bluetooth, control prin aplicație, modul boost pentru presiune suplimentară, pistol de pulverizare G 180 Q Smart Control, lance de pulverizare Multi Jet 3 în 1, tambur pentru furtun.,cod comanda: 1.324-670.0,Varianta premium-smart vine in plus cu:,-tambur pentru strangerea furtunului de presiune,- bluetooth pentru conectarea cu telefonul",Nou,La comanda,2960.0,"2 290,00"
Karcher - Curatitor cu apa sub presiune K7 Compact,1.447-050.0,"Extra compact pentru utilizare frecventă pe murdăria persistenta, aparatul de spălat cu presiune K 7 Compact este ușor de transportat și depozitat. Randament de curatare 60 m²/h.,Presiune : 180 de bari,Pentru curatarea cu spuma puternica va recomandam sa achizitionati accesoriul Fj 6 (Pentru autoturisme, motociclete, etc. ),click aici pentru naviga spre produs!,cod comanda: 1.447-050.0",Nou,in stoc ,2922.0,"2 260,00"
Karcher - MOP ELECTRIC FC 7 CORDLESS,1.055-730.0,"Nu mai aspirați niciodată înainte de a șterge podelele: FC 7 Cordless elimină toate tipurile de murdărie uscată și umedă într-o singură trecere.,cod comanda: 1.055-730.0",Nou,In stoc ,2346.0,"2 160,00"
Karcher - APARAT DE SPALAT CU PRESIUNE K5 POWER CONTROL HOME,1.324-553.0,"Pentru un control și mai bun: aparatul de spălat cu presiune K5 Power Control Home cu asistare prin intermediul aplicației, pistolul de pulverizare G 160 Q Power Control, lance de pulverizare Vario Power și sistemul ,Plug 'n' Clean,.,Presiune 145 de bari,Varianta Home vine in plus cu un curatitor de suprafete.,Pentru curatarea cu spuma puternica va recomandam sa achizitionati accesoriul Fj 6 (Pentru autoturisme, motociclete, etc. ),cod comanda: 1.324-553.0",Nou,La comanda,2730.0,"2 150,00"
Karcher - CURATITOR CU ABUR SC 5 IRON PLUG *EU,1.512-530.0,"SC 5 EasyFix cu Iron Plug este un puternic aparat de curatat cu abur ce are un rezervor de apa detasabil cu reumplere continua ce ofera utilizatorului posibilitatea de completare cu apa pentru o curatare continua.,Varianta IRON PLUG vine cu priza pentru conectarea fierului de calcat.,Fierul de calcat se poate achizitioneaza separat,click aici pentru fier de calcat!,cod comanda: 1.512-530.0",Nou,La comanda,2589.0,"1 990,00"
Karcher - Masina de tuns iarba LMO BATTERY 18-36 SET,1.444-421.0,"Include bateria reîncărcabilă și încărcătorul rapid: Masina de tuns iarba, extrem de agila și ușoara.,LMO 18-36 Set cu baterie, încărcător si reglaj al înălţimii de taiere în 4 trepte,.,cod comanda: 1.444-421.0",Nou,La comanda,2005.0,"1 968,00"
Karcher - CURATITOR CU APA SUB PRESIUNE K5 SMART CONTROL,1.324-650.0,"K5 Smart Control: aparatul de spălat cu presiune cu Bluetooth, control prin aplicație, modul boost pentru putere suplimentară, pistol de pulverizare G 180 Q Smart Control, lance de pulverizare Multi Jet 3 în 1, tambur pentru furtun.,cod comanda:1.324-650.0,Varianta smart vine cu bluetooth pentru conectarea aparatului la telefon",Nou,La comanda,2082.0,"1 870,00"
Karcher - Masina de maturat S 6 twin,1.766-460.0,"Masina de maturat Karcher S 6 twin p,entru curatenie rapida si usoara, fara efort.,cod comanda: 1.766-460.0",Nou,la comanda ,2357.0,"1 820,00"
Karcher - Bp 7 home and garden pompa pentru gradina,1.645-373.0,"BP 7 Home&Garden ""Premium"", pompa pentru casa si gradina, cu 5 trepte de reglare, pentru udarea gradinii si alimentarea cu apa a casei. (ex. folosirea apei de ploaie). Convenabil, puternic, de incredere!,cod comanda: 1.645-373.0",Nou,LA COMANDA -LIVRARE IN 4 ZILE,2340.0,"1 810,00"
Karcher - CURATITOR CU ABUR SC 4 IRON KIT YELLOW *EU,1.512-461.0,"Aparatul de curatat cu aburi SC 4 EasyFix Iron cu duză de pardoseală EasyFix și fier de călcat conectat la presiunea de abur. Include un rezervor de apă detașabil, care poate fi curățat foarte ușor.,cod comanda: 1.512-461.0",Nou,La comanda,2268.0,"1 780,00"
Karcher - Mop electric Fc 5 cu acumulator,1.055-601.0,"Combină toate avantajele mopului electric cu aspirare FC 5 cu flexibilitatea curățării fara fir, incluzând funcția 2 în 1 pentru ștergerea și aspirarea într-o singură trecere.,cod comanda: 1.055-601.0",Nou,La comanda ,1820.0,"1 760,00"
Karcher - Bp 6 Deep Well pompa submersibila,1.645-422.0,"Pompa submersibila de inalta presiune BP 6 Deep Well cu cablu 30 m - ideala pentru apa subterana din fartani (adanci). Cu carcasa inox, suport montare si comutator pornire/oprire separat.,cod comanda: ,1.645-422.0",Nou,LA COMANDA -LIVRARE IN 4 ZILE,2277.0,"1 760,00"
Karcher - Curatitor cu apa sub presiune K5 Compact Home,1.630-753.0,"K 5 Compact Home cu motor răcit cu apă este ușor de transportat. Aparatul de spalat cu presiune include Kit-ul Home cu T 350, pentru curațarea suprafețelor din piatră și pentru fațade.,Presiune : 145 bari,Varianta home vine in plus cu:,- T350 curatitor de suprafete,Pentru curatarea cu spuma puternica va recomandam sa achizitionati accesoriul Fj 6 (Pentru autoturisme, motociclete, etc. ),click aici pentru naviga spre produs!,cod comanda: 1.630-753.0",Nou,In stoc ,1998.0,"1 750,00"
Karcher - Matura electrica EB 30/1 Adv Li-Ion,1.545-127.0,"Kärcher a lansat prima matura electrica angrenata cu baterii pentru utilizatori comerciali, EB 30/1 Professional Li-Ion. Versiunea profesionala include un incarcator rapid de baterii in locul incarcatorului standard de baterie care reduce durata de incarcare de la 3 ore la 90 minute. Datorita periei rotative si recipientului pentru murdarie, acest model nou dezvoltat este o matura si faras intr-un singur aparat. Poate fi folosit pentru a aspira podelele dure si covoarele rapid, functionand silentios (56 dB/A) si fiabil in timpul orelor de program.,cod comanda: 1.545-127.0",Nou,La comanda,2090.0,"1 655,00"
Karcher - Masina de maturat S 6,1.766-420.0,"Masina de maturat Karcher S 6 p,entru curatenie rapida si usoara, fara efort.,cod comanda: 1.766-420.0",Nou,la comanda ,2120.0,"1 640,00"
Karcher - Aspirator vertical VC 5 Premium pe acumulator, 1.349-350.0,"Mic, dar puternic: aspiratorul fara sac Karcher VC 5 Cordless poate fi usor depozitat in cele mai mici locuri si curata la fel de eficient ca un aspirator de dimensiuni obisnuite.,Cod de articol :  1.349-350.0",Nou,LA COMANDA -LIVRARE IN 4 ZILE,1745.0,"1 631,00"
Karcher - Bp 5 Home and Garden pompa pentru gradina,1.645-355.0,"BP 5 Home&Garden ""Premium"", pompa pentru casa si gradina, cu 4 trepte de reglare, pentru udarea gradinii si alimentarea cu apa a casei. (ex. folosirea apei de ploaie). Convenabil, puternic, de incredere!,cod comanda: 1.645-355.0",Nou,LA COMANDA -LIVRARE IN 4 ZILE,1787.0,"1 570,00"
Karcher - APARAT DE SPALAT CU PRESIUNE K4 PREMIUM POWER CONTROL,1.324-130.0,"Aparatul de spălat cu presiune K4 Premium Power Control cu pistol de pulverizare G 145 Q Power Control, lance de pulverizare și tambur pentru furtun. Ofera asistență optimă prin aplicația Kärcher Home & Garden,cod comanda: 1.324-130.0,Varianta Premium vine in plus cu:,Tambur pentru strangerea furtunului de presiune",Nou,La comanda ,1987.0,"1 540,00"
Karcher - Aspirator cu spalare SE 5.100,1.081-200.0,"Aspirator cu spalare SE 5.100 pentru curatarea in profunzime a covoarelor. Cu sistem confortabil 2-in-1, doua rezervoare de apa , comutatoare mari si sistem de blocare practic.,Cod de comanda:1.081-200.0",Nou,In stoc ,2126.0,"1 530,00"
Karcher - Foarfeca de tuns gardul viu HGE 36-60 battery set,1.444-251.0,"Foarfeca de tuns gardul viu HGE 36-60 Battery Set cu mâner rotativ și funcție de reglare a vitezei este soluția optimă pentru orice cerință. ,Setul include acumulator și încărcător rapid.,cod comanda: 1.444-251.0",Nou,La comanda,1648.0,"1 510,00"
Karcher - Aspirator cu filtrare prin apa DS 6,1.195-220.0,"Aspiratorul Kärcher cu filtru de apă nu garantează numai o podea curată, ci și aer proaspăt și curat 99,95%* (99,5%). Aceasta duce la o atmosferă mai plăcută si presupune un beneficiu foarte important pentru cei care sufera de alergii.,cod comanda: 1.195-220.0",Nou,la comanda ,1899.0,"1 466,00"
Karcher - Bp 4 deep well pompa submersibila,1.645-421.0,"Pompa submersibila de inalta presiune, BP 4 Deep Well - ideala pentru apa subterana din fantani (adanci). Cu carcasa din inox, suport montare + comutator pornire/oprire separat.,cod comanda: ,1.645-421.0",Nou,,1865.0,"1 440,00"
Karcher - Curatitor cu apa sub presiune K4 Compact Home,1.637-503.0,"Aparatul de spalat cu presiune Karcher K 4 Compact Home pentru utilzarea ocazională, poate fi depozitat și transportat ușor. Include Kit-ul Home cu detergent și accesoriu T-Racer T 350.,Presiune : 130 bari,Varianta Home vine in plus cu:,-curatitor de suprafete T-racer 350,-detergent de piatra,Pentru curatarea cu spuma puternica va recomandam sa achizitionati accesoriul Fj 6 (Pentru autoturisme, motociclete, etc. ),click aici pentru naviga spre produs!,cod comanda: 1.637-503.0",Nou,,1760.0,"1 430,00"
Karcher - Bp 5 Home hidrofor,1.645-370.0,"Puternica pompa BP 5 Home pentru alimentarea cu apă menajeră, cu un container integrat de compensare a presiunii, pompează automat apa recuperata din surse alternative în întreaga casă.,cod comanda: 1.645-370.0",Nou,LA COMANDA -LIVRARE IN 4 ZILE,1830.0,"1 415,00"
Karcher - Masina de tuns iarba LMO BATTERY 18-33 SET,1.444-401.0,"Pentru manevrarea fără efort în grădină: Mașina de tuns iarba ușoară și extrem de manevrabilă LMO 18-33., Battery Set, include bateria și încărcătorul rapid.,cod comanda: 1.444-401.0",Nou,La comanda ,1533.0,"1 410,00"
Karcher - Curatitor cu apa sub presiune K5 Compact,1.630-750.0,"Caracteristici inovatoare de depozitare a furtunurilor, aparatul de spalat cu presiune Karcher K 5 Compact este ușor de transportat și depozitat. Ideal in curatatea murdariei moderate,Presiune : 145 bari,Pentru curatarea cu spuma puternica va recomandam sa achizitionati accesoriul Fj 6 (Pentru autoturisme, motociclete, etc. ),click aici pentru naviga spre produs!,cod comanda: 1.630-750.0",Nou,in stoc ,1870.0,"1 410,00"
Karcher - Aspirator cu spalare SE 4002,1.081-140.0,"Aspiratoare cu spălare tip spray-extracţie pentru curăţarea de bază a covoarelor şi pardoselilor dure.,Aspiratorul Se4002 vine in plus fata de modelul 4001 cu: ,-o duza mica pentru spalarea tapiteriei ,- furtunul de insertie solutie este integrat in furtunul de aspiratie.,Cod de comanda:1.081-140.0",Nou,In stoc ,1940.0,"1 405,00"
Karcher - Aspirator multifunctional WD3 cu acumulator,1.629-911.0,"Set-ul WD 3 cu baterie de 36 V. Aspirator multifunctional pentru diverse aplicații.,Contine baterie si incarcator,cod comanda: 1.629-911.0",Nou,La comanda,1777.0,"1 375,00"
Karcher - Resigilat-Aspirator cu spalare SE 5.100,1.081-200.0r,"Aspirator cu spalare pentru curatarea de baza a covoarelor si pardoselilor dure. Se poate utiliza si ca aspirator uscat/umed.,Cod de comanda:1.081-200.0",Resigilat,,1520.0,"1 340,00"
Karcher - Masina de tuns iarba LMO BATTERY 18-36,1.444-420.0,"Mașina de tuns iarba LMO 18-36 impresionează cu manevrabilitatea sa incredibilă și greutatea redusă. Înălțimea de tăiere poate fi reglată fără efort în mod centralizat pe puntea de tăiere.,Masina vine fara baterie si incarcator,cod comanda: 1.444-420.0",Nou,La comanda,1408.0,"1 312,00"
Karcher - Pompa de apa murdara cu tocator BT 6877 K SPECIAL,BT6877K,cod comanda: BT6877K,Nou,,1625.0,"1 250,00"
Karcher - Aspirator uscat - umed WD6P Premium,1.628-381.0,"Extrem de puternic si eficient energetic: aspiratorul multifunctional WD 6 P Premium. Cu recipient din otel inoxidabil, stecar, tehnologie inovativa de scoatere a filtrulu, functie de curatare a filtrului si reglare a performantei.,Cod de comanda:1.628-381.0",Nou,la comanda ,1617.0,"1 250,00"
Karcher - Pompa submersibila de mare adancime BP 14,BP14,"În cazul inundaţiilor sau pentru pomparea căminelor inundate de ape subterane, pentru drenarea altor spaţii inundate, pentru irigarea grădinilor prin inundare.,cod comanda: BP14",Nou,,1560.0,"1 200,00"
Karcher - APARAT DE SPALAT CU PRESIUNE K4 POWER CONTROL,1.324-030.0,"Puteți beneficia de suport optim prin intermediul aplicației Kärcher Home & Garden: aparatul de spălat cu presiune K4 Power Control cu pistol de pulverizare G 145 Q Power Control.,cod comanda:1.324-030.0",Nou,In stoc,1730.0,"1 190,00"
Karcher - BP 2 Cistern pompa de presiune submersibila,1.645-420.0,"BP 2 Cistern cu carcasa rezistenta din inox, este o pompa de inalta presiune, submersibila, ideala pentru udarea gradinii cu apa de ploaie dintr-o cisterna. Include racorduri furtun + intrerupator flotor.,cod comanda: ,1.645-420.0",Nou,LA COMANDA -LIVRARE IN 4 ZILE,1532.0,"1 185,00"
Karcher - Bp 4 Home and Garden pompa pentru gradina,1.645-363.0,"Pompa de uz casnic și grădină BP 4 Home & Garden durabilă și puternică este soluția ideală pentru irigarea grădinii și alimentarea cu apă în casă, de ex. folosind apa de ploaie.,cod comanda: 1.645-363.0",Nou,LA COMANDA -LIVRARE IN 4 ZILE,1340.0,"1 180,00"
Karcher - Bp 3 Home and Garden pompa pt gradina,1.645-353.0,"Pompa rezistenta si puternica pentru casa si gradina BP 3 Home & Garden, este solutia ideala pentru udarea gradinii si alimentarea cu apa a casei, folosind de exemplu apa de ploaie.,cod comanda: 1.645-353.0",Nou,,1515.0,"1 170,00"
Karcher - ASPIRATOR VERTICAL VC 4s CORDLESS PLUS,1.198-282.0,"Versatil în utilizare și cu un timp de funcționare de până la o oră: Aspiratorul nostru ,VC 4s, Cordless Plus 2-in-1 impresionează prin performanțele sale excelente de curățare în toată casa.,cod comanda: 1.198-282.0",Nou,STOC EPUIZAT,1415.0,"1 160,00"
Karcher - Pompa de apa murdara cu tocator BT 6877 K INOX,BT6877K,"Ideal pentru scoaterea apei din beci, puţuri, eliminarea apei uzate.,cod comanda: ,BT 6877 K",Nou,,1495.0,"1 150,00"
Karcher - Suflanta pentru frunze LBL 4 battery set,1.445-160.0,"Suflanta puternică de 36 V deține control al puterii în două trepte si obtine o viteză maximă a aerului de 250 km/h. ,Vine într-un set cu baterie și încărcător rapid.,cod comanda: 1.445-160.0",Nou,,1253.0,"1 121,00"
Karcher - Pompa submersibila de mare adancime BP 18/3,BP18/3,"În cazul inundaţiilor sau pentru pomparea căminelor inundate de ape subterane, pentru drenarea altor spaţii inundate, pentru irigarea grădinilor prin inundare.,cod comanda: ,BP 18/3",Nou,,1456.0,"1 120,00"
Karcher - Aspirator cu suflanta BLV 36 240,1.444-170.0,"Aspiratorul cu suflantă BLV 36-240 Battery suflă, aspiră și mărunțește resturile din grădină, inclusiv pe cele umede. Tubul de aspirare și cel de suflare se pot îndepărta separat.,Aparatul vine fara baterie si incarcator,cod comanda: 1.444-170.0",Nou,La comanda,1555.0,"1 120,00"
Karcher - Pompa submersibila de mare adancime BP 10,BP10,"În cazul inundaţiilor sau pentru pomparea căminelor inundate de ape subterane, pentru drenarea altor spaţii inundate, pentru irigarea grădinilor prin inundare.,cod comanda: BP10",Nou,,1430.0,"1 100,00"
Karcher - Curatitor cu apa sub presiune K4 Compact,1.637-500.0,"Aparatul de spalat cu presiune Karcher K 4 Compact Home pentru utilzarea ocazională, poate fi depozitat și transportat ușor. Randament 30 m²/h.,Presiune : 130 bari,Pentru curatarea cu spuma puternica va recomandam sa achizitionati accesoriul Fj 6 (Pentru autoturisme, motociclete, etc. ),click aici pentru naviga spre produs!,cod comanda: 1.637-500.0",Nou,La comanda,1400.0,"1 100,00"
Karcher - Curatitor cu abur SC4 easy,1.512-450.0,"Aparatul de curatat cu abur Kärcher SC 4 cu duza pentru podele EasyFix si rezervor de apa detasabil, pentru reumplere continua. Solutia simpla pentru curatenia permanenta.,cod comanda: 1.512-450.0",Nou,LIPSA STOC ,1195.0,"1 098,00"
Karcher - Curatitor cu apa sub presiune  K 4 Compact UM Car *EU,1.679-404.0,"Aparatul de spalat cu presiune Karcher ,K 4 Compact UM Car *EU, pentru utilzarea ocazională, poate fi depozitat și transportat ușor. Randament 30 m²/h.,Presiune : 130 bari,click aici pentru naviga spre produs!,cod comanda: 1.679-404.0,Modelul Car vine in plus cu perie de spalat masini si bidonas de spumare ",Nou,in stoc ,1400.0,"1 090,00"
Karcher - Drujba pe acumulator CNS 18 30,1.444-001.0,"Ușor de utilizat, versatilă și perfectă pentru întreținerea copacilor: drujba cu acumulator CNS 18-30 Battery cu sistem de întindere a lanțului fără unelte.,Drujba vine fara baterie si incarcator,cod comanda: 1.444-001.0",Nou,La comanda,1244.0,"1 060,00"
Karcher - Aparat de curatat pardoseala Fp 303,1.056-820.0,"Curatitor pentru pardoseli FP 303 asigură un rezultat impecabil al procesului de polisare datorită numărului crescut de turaţii, de exemplu pe parchet, laminat, plută, piatră, linoleum sau PVC etc.,cod comanda: 1.056-820.0",Nou,,1065.0,"1 030,00"
Karcher - Drujba pe acumulator CNS 36 35,1.444-050.0,"Cu o viteză excepțională a lanțului și o lungime optime a lamei, drujba cu acumulator CNS 36-35 este ideală pentru sarcinile de întreținere a copacilor.,Drujba vine fara baterie si incarcator,cod comanda: 1.444-050.0",Nou,La comanda,1178.0,"1 024,00"
Karcher - Aspirator uscat - umed WD 1 box set,1.198-301.0,"Aspiratorul multifuncțional WD 1 cu acumulator. Aparatul este compatibil cu platforma de acumulatori de 18 V, pachetul include accesorii pentru curatarea masinii.,cod comanda: 1.198-301.0",Nou,La comanda,1317.0,"1 018,00"
Karcher - APARAT DE SPĂLAT CU PRESIUNE K 3 POWER CONTROL HOME,1.676-103.0,"Datorită aplicației Kärcher Home & Garden, care ofera informatii utile pentru rezultate de curățare și mai bune și transformă utilizatorul într-un expert în curățenie. Aplicația oferă, de asemenea, mai multe avantaje, care includ informații despre dispozitiv și portalul Kärcher Service. Nivelul de presiune potrivit pentru aplicație poate fi setat direct pe lancea de pulverizare și verificat pe afișajul pistolului de pulverizare G 120 Q Power Control - pentru control maxim și presiunea ideală pentru fiecare suprafață. Comutarea de la presiune înaltă la modul detergent se poate face fără schimbarea lancei de pulverizare. Detergentul poate fi aplicat rapid, simplu și confortabil din rezervorul de detergent integrat. K 3 Power Control de la Kärcher impresionează, de asemenea, cu un mâner telescopic extensibil pentru transport și depozitare confortabil, un suport pentru o stabilitate mai mare, locuri pentru accesorii și cablu, precum și sistemul Kärcher ,Quick Connect,. Baza aparatului poate fi folosita și ca al doilea mâner de transport, făcând dispozitivul foarte ușor de ridicat pe un raft sau de încărcat într-un portbagaj. Kit-ul Home garantează curățarea fără stropi a zonelor mai mari din jurul casei cu dispozitivul T1 și include detergentul „Patio & Deck” la 500 ml.,1.676-103.0",Nou,la comanda ,1282.0,"1 010,00"
Karcher - Curatitor cu apa sub presiune K4 Universal,1.679-300.0,"Aparatul de spalat cu presiune Karcher K 4 Universal pentru utilzarea ocazională, poate fi depozitat și transportat ușor. Randament 30 m²/h.,Presiune : 130 bari,Pentru curatarea cu spuma puternica va recomandam sa achizitionati accesoriul Fj 6 (Pentru autoturisme, motociclete, etc. ),click aici pentru naviga spre produs!,cod comanda: 1.679-300.0",Nou,la comanda ,1292.0,"1 000,00"
Karcher - Pompa de apa murdara BTSZ 600 SPECIAL, BTSZ600 SPECIAL,"Pompa poate fi utilizată eficient pentru transportarea apei uzate brute cu conţinut de impurităţi de pe şantiere sau a apei cu conţinut de particule flotante şi obiecte solide.,cod comanda: ,BTSZ 600 SPECIAL",Nou,,1300.0,"1 000,00"
Karcher - Aparat de spalat cu presiune KHB 5,1.328-100.0,"Include acumulator de 18 V Kärcher și încărcător rapid, dispozitivul de spalat cu presiune, pentru o curățare rapidă intermediară, fără a necesita o conexiune la alimentare.,cod comanda: 1.328-100.0",Nou,La comanda,1111.0,"990,00"
Karcher - Aspirator cu spalare SE 4001,1.081-130.0,"Aspiratoare cu spalare tip spray-extractie pentru curatarea de baza a covoarelor si pardoselilor dure. Datorita accesoriilor suplimentare se poate utiliza si ca aspirator uscat/umed.,Cod de comanda:1.081-130.0",Nou,la comanda ,1555.0,"990,00"
Karcher - Aparat de curatat terase PCL 4,1.644-000.0,"Aparatul de curăţat terase şi suprafeţe din piatră PCL 4 indepartează murdărirea în mod temeinic și uniform, datorită periilor rotative și a jetului de apa distribuit de aparat.,cod comanda: 1.644-000.0",Nou,In stoc ,1255.0,"960,00"
Karcher - Aspirator pentru geamuri profesional WV 10 Advanced,1.633-560.0,"Multumita design-ului inovator, noul model profesional de aspirator de geamuri, WVP 10 Advanced, curata neintrerupt toate tipurile de suprafete cat si deasupra capului.,Modelul advanced vine in plus cu 2 baterii si o statie de incarcare,cod comanda: , 1.633-560.0",Nou,in stoc ,1125.0,"950,00"
Karcher - Aparat pentru indepartarea buruienilor WRE 5 battery set,1.445-245.0,"Setul WRE 18-55 Battery Set pentru îndepărtarea mușchiului și a buruienilor conține acumulator și încărcător. Ideal pentru poteci, terase și intrări.,Battery set contine baterie si incarcator,cod comanda: 1.445-245.0",Nou,La comanda,1112.0,"913,00"
Karcher - Masina de tuns iarba LMO BATTERY 18-33,1.444-400.0,"Greutatea sa redusă și manevrabilitatea extremă permit mașinii de tuns iarba cu acumulatori LMO 18-33 Battery să fie utilizată fără efort. Cea mai ușoară modalitate de tuns iarba.,Masina vine fara baterie si incarcator,cod comanda: 1.444-400.0",Nou,La comanda,952.0,"900,00"
Karcher - Foarfeca de tuns gardul viu HGE 18-45 battery set,1.444-231.0,"Foarfeca de tuns gardul viu HGE 18-45.  Greutate redusă pentru mai mult confort și tăieri precise datorită lamei diamantate.,Battery Set vine în set cu un acumulator și cu un încărcător rapid.,cod comanda: 1.444-231.0",Nou,In stoc ,1032.0,"899,00"
Karcher - Bobina cu furtun CR 7.220 cu tractare automata,2.645-218.0,"Cutie de furtun Premium CR 7.220 Automata cu bobinare si debobinare automata usoara a furtunului. Rotatii de la 0º - 180º, opritor ajustabil pentru ax si consola de perete plata, compacta.,Cod de comanda:2.645-218.0",Nou,La comanda,1150.0,"890,00"
Karcher - Foarfeca de tuns gardul viu HGE 18-50 battery set,1.444-241.0,"Setul cu foarfeca de tuns gardul viu cu acumulator HGE 18-50.  Mânerul său rotativ la 180° asigură confort deplin în timpul utilizării.,Battery Set include un acumulator și un încărcător rapid.,cod comanda: 1.444-241.0",Nou,La comanda,999.0,"880,00"
Karcher - Mop electric Fc 3 cu acumulator,1.055-300.0,"Mopul electric cu acumulator FC 3 Cordless curăță podelele cu un adaos constant de apă curată datorită funcției inovatoare de auto-curățare.,cod comanda: 1.055-300.0",Nou,,1219.0,"860,00"
Karcher - Bp 3 Home hidrofor, 1.645-365.0,"Puternica pompa BP 3 Home booster cu un container integrat de compensare a presiunii pompează automat apă de serviciu cu costuri reduse în întreaga casă.,cod comanda: 1.645-356.0",Nou,LA COMANDA -LIVRARE IN 4 ZILE,1100.0,"850,00"
Karcher - CURATITOR CU APA PORTABIL CU ACUMULATOR OC 3 PLUS CAR,1.680-034.0,"Aparatul de spălat cu presiune Kärcher cu baterie ,Li-Ion, și rezervor de apă de 7 litri pentru utilizare in calatorie. Cu adaptor auto pentru o perioadă extinsă de utilizare.,cod comanda: ,1.680-034.0",Nou,in stoc ,883.0,"840,00"
Karcher - Aspirator cu suflanta BLV 18 200,1.444-100.0,"Aspirare, suflare și mulcire - având toate aceste funcții, aspiratorul cu suflantă BLV 18-200 Battery devine indispensabil pentru orice grădină.,Aparatul vine fara baterie si incarcator,cod comanda: 1.444-100.0",Nou,La comanda,966.0,"840,00"
Karcher - Bp 4 garden set - pompa pentru gradina,1.645-352.0,"Setul de gradina BP 4 Garden Set, include un furtun de aspirare setat astfel incat pompa de gradina, rezistenta si puternica, cu termostat integrat, sa poata fi pusa imediat in functiune la udarea gradinii.,cod comanda: ,1.645-352.0",Nou,LA COMANDA -LIVRARE IN 4 ZILE,1081.0,"828,00"
Karcher - Pompa submersibila pentru apa murdara SP7 Dirt Inox,1.645-506.0,Cod de comanda: 1.645-506.0,Nou,,1016.0,"827,00"
Karcher - Aspirator vertical  VC 5 pe fir,1.349-100.0,"Mic, dar puternic: aspiratorul fara sac Karcher VC 5 , este compact si poate fi usor depozitat in cele mai mici locuri, dar curata la fel de eficient ca un aspoirator de dimensiuni obisnuite.,cod comanda: 1.349-100.0",Nou,In stoc ,1066.0,"825,00"
Karcher - Pompa submersibile pentru apa curata SP6 Flat Inox,1.645-505.0,"Ideal pentru max. 14000 litri de apa curata per ora: puternica pompa submersibila cu aspirare de 1 mm, SP 6 Flat inox cu sensor de nivel si comutator auto/manual. Include prefiltru.,cod comanda: 1.645-505.0",Nou,,972.0,"823,00"
Karcher - Masina de maturat S 4 twin,1.766-360.0,"Masina de maturat Karcher S 4 twin p,entru curatenie rapida si usoara, fara efort.,cod comanda: 1.766-360.0",Nou,,894.0,"822,00"
Karcher - WD 4 S V-20/6/22 CAR (YSY) *EU,1.628-259.0,"Super-puternicul aspirator uscat-umed WD 4 Car este ideal pentru curatarea masinii. Dotat cu perii speciale, cu un container de plastic de 20 de litri cat si cu un filtru plat pliat.,cod comanda:,1.628-259.0",Nou,La comanda ,1030.0,"820,00"
Karcher - Curatitor cu abur SC 3 Upright EasyFix,1.513-300.0,"Curățarea profundă fără grijă utilizând aburi. Aparatul de curatat cu abur SC 3 Upright EasyFix este extrem de ușor de utilizat pe podele dure. De asemenea, elimină 99,99% din bacteriile obișnuite.,cod comanda: 1.513-300.0",Nou,,1059.0,"818,00"
Karcher - Masina de maturat S 4 Twin 2in1,1.766-365.0,"Masina de maturat Karcher ,S 4 Twin 2in1, p,entru curatenie rapida si usoara, fara efort.,cod comanda: 1.766-365.0,ACEASTA VERSIUNE VINE IN PLUS CU PERII  PENTRU MATURARE UMED/USCATA ",Nou,IN STOC ,1097.0,"799,00"
Karcher - Aspirator uscat - umed KWD 5 S V-25/5/22 (BSY) *EU,1.628-482.0,"KWD 5 S V-2 5/5/22 (BSY) *EU este un aspirator multifunctional extrem de puternic si eficient cu un recipient din otel inoxidabil de 25 litri, filtru pliabil intr-un cartus detasabil, precum si functie de suflare .,Cod de comanda:1.628-482.0",Nou,in stoc ,1176.0,"795,00"
Karcher - Trimmer pentru gazon LTR 18-30 battery set,1.444-311.0,"Setul cu trimmerul pentru gazon cu acumulator LTR 18-30 Battery Set este varianta optimă pentru margini și colțuri. ,Setul include un acumulator și un încărcător rapid.,cod comanda: 1.444-311.0",Nou,La comanda,802.0,"764,00"
Karcher - Bp 3 garden set pompa pentru gradina,1.645-357.0,"Setul de gradina BP 3 Garden Set Plus este gata de utilizare imediat, datorita furtunului de aspirare si a celui de gradina. Pompa rezistenta si puternica de gradina este ideala pentru udare, folosind apa din rezervoare/ cisterne.,cod comanda: 1.645-357.0",Nou,LA COMANDA -LIVRARE IN 4 ZILE,920.0,"761,00"
Karcher - Foarfeca de tuns gardul viu HGE 36-60,1.444-250.0,"Foarfeca de tuns gardul viu cu acumulator HGE 36-60 Battery este prevăzută cu un mâner rotativ la 180°, o perie pentru gardul viu și funcție de reglare a vitezei pe două niveluri.,Foarfeca vine fara baterie si incarcator,cod comanda: 1.444-250.0",Nou,La comanda,856.0,"752,00"
Karcher - Curatitor cu abur SC 2 Deluxe EasyFix,1.513-243.0,"Modelul de baza pentru curățarea cu abur fără substanțe chimice. Aparatul de curatat cu abur Kärcher SC 2 Deluxe EasyFix cu manerul iluminat cu LED pentru afișarea modului de funcționare.,cod comanda: 1.513-243.0",Nou,In stoc,957.0,"740,00"
Karcher - Aspirator uscat - WD 4 S V-20/5/22 (YSY) *EU, 1.628-250.0,"Aspirator multifunctional WD 4 Premium. Puternic si eficient din punct de vedere energetic. Cu un recipient robust din otel inoxidabil de 20 litri, filtru pliabil in cartusul detasabil si pozitie de parcare pentru pauzele de lucru. Varianta Premium vine in plus cu recipientul de inox,Cod de comanda:,1.628-250.0",Nou,La comanda ,931.0,"740,00"
Karcher - ASPIRATOR CENUSA AD 4 EU-II PREMIUM,1.629-731.0,"Pentru indepartarea eficienta si sigura a cenusei fara a intra in contact cu aceasta: noul aspirator uscat pentru cenusa AD 4 Premium, cu o putere de 600 W, un recipient metalic rezistent de 17 litri, un filtru de curatare si o eficienta energetica clasa A+.,cod comanda: 1.629-731.0",Nou,la comanda ,925.0,"730,00"
Karcher - Cleste pentru crengi TLO battery 18 32,1.444-020.0,"Tăierea crengilor printr-o apăsare de buton: cleştele pentru crengi cu acumulator taie cu ușurință ramurile cu diametru de până la 3 cm.,Clestele vine fara baterie si incarcator,cod comanda: 1.444-020.0",Nou,La comanda,823.0,"720,00"
Karcher - K3 POWER CONTROL APARAT DE SPALAT CU PRESIUNE,1.676-100.0,"K 3 Power Control cu pistol de pulverizare G 120 Q Power Control. Consultant prin intermediul aplicației, care oferă sfaturi practice pentru rezultate de curățare și mai eficiente.,cod comanda: 1.676-100.0",Nou,In stoc ,1023.0,"710,00"
Karcher - CURATITOR CU APA PORTABIL CU ACUMULATOR OC 3+ PET,1.680-018.0,"Pentru curățarea cu blândețe a animalelor de companie: Aparatul de curățat cu presiune cu baterie ,Li-Ion, și cu rezervor de apă. Accesoriile pentru animalele de companie asigură îngrijirea completă.,cod comanda: ,1.680-018.0",Nou,La comanda,770.0,"700,00"
Karcher - CURATITOR CU APA PORTABIL CU ACUMULATOR OC 3+ BIKE,1.680-017.0,"Perfect pentru spălarea bicicletelor in calatorie: aparatul de spălat cu presiune cu baterie ,Li-Ion,, rezervor de apă și presiune scăzută pentru suprafețe sensibile. Include accesorii pentru biciclete.,cod comanda: 1.680-017.0",Nou,La comanda,770.0,"700,00"
Karcher - CURATITOR CU APA PORTABIL CU ACUMULATOR OC 3+ADVENTURE,1.680-016.0,"Ideal pentru curățarea echipamentelor exterioare in calatorie: aparatul de spălat cu presiune Kärcher cu baterie ,Li-Ion, și rezervor de apă,cod comanda: , ,1.680-016.0",Nou,La comanda,770.0,"700,00"
Karcher - Carucior metalic pentru furtun HT 80 M / Set,2.645-043.0,"Cadru metalic robust si anticorosiv si retractor. Maner ergonomic, antialunecare. Cu ghidaj pentru furtun si furca de impingere rabatabila. Manivela detasabila pentru o desfasurare si infasurare usoara. Se livreaza nemontat. Dotat cu furtun 1/2"" de 20 m, varf de reglare, 3 cuplaje universale pentru furtun Plus, 1 cuplaj universal pentru furtun Plus cu Aquastop si 1 racord pentru robinet G3/4. Cod de comanda:2.645-043.0",Nou,La comanda,790.0,"700,00"
Karcher - Ferastrau cu brat telescopic PSW 18 20,1.444-010.0,"Ferăstrăul cu braț telescopic PSW 18-20 Battery taie cu ușurință orice creangă până la înălțimi de 4 metri. Pentru o întreținere sigură a copacilor.,Ferăstrăul vine fara baterie si incarcator,cod comanda: 1.444-010.0",Nou,La comanda,811.0,"693,00"
Karcher - Masina de maturat S 4,1.766-320.0,"Masina de maturat Karcher S 4 p,entru curatenie rapida si usoara, fara efort.,cod comanda: 1.766-320.0",Nou,,750.0,"688,00"
Karcher - ASPIRATOR PENTRU GEAMURI WV 6 + KV 4,1.633-570.0,"Curățați ferestrele în cel mai scurt timp. Aparatul de șters cu vibrații KV 4 distribuie apa electric și vibrează, astfel îndepărtează murdăria și WV 6 aspira lichidul.,cod comanda: ,1.633-570.0",Nou,La comanda,892.0,"683,00"
Karcher - Aspirator uscat VC 2 FILTRU HEPA,1.198-105.0,"Ideal pentru apartamente sau case mai mici : Compact si usor de utilizat, aspiratorul cu sac, Karcher VC 2,cod comanda: 1.198-105.0",Nou,,875.0,"675,00"
Karcher - APARAT DE SPALAT CU PRESIUNE K 2 PREMIUM POWER CONTROL,1.673-630.0,"K 2 Premium Power Control apart de spalat cu presiune cu rezervor de detergent pentru murdărie ușoară. Cu sfaturi utile de curățare prin intermediul aplicației.,cod comanda: 1.673-630.0,Varianta Premium vine in plus cu:,Rezervorul de detergent foarte practic care faciliteaza aplicarea detergenților pe suprafețele dorite.",Nou,La comanda,865.0,"670,00"
Karcher - Foarfeca de tuns gardul viu cu prelungitor HGE 18-45,1.444-210.0,"Foarfeca de tuns gardul viu cu prelungitor PHG 18-45 Battery înlătură necesitatea unei scări atunci când vine vorba de garduri înalte. Capul de tăiere reglabil permite o flexibilitate ridicată.,Foarfeca vine fara baterie si incarcator,cod comanda: 1.444-210.0",Nou,La comanda,715.0,"670,00"
Karcher - APARAT DE SPALAT CU PRESIUNE K MINI,1.600-054.0,"Cel mai mic aparat de spălat cu presiune de la Kärcher îndepărtează murdăria în cel mai scurt timp și datorită dimensiunilor practice, poate fi transportat și depozitat cu ușurință.,cod comanda: ,1.600-054.0",Nou,La comanda,688.0,"665,00"
Karcher - Curatitor cu apa portabil cu acumulator OC 3 PLUS,1.680-030.0,"Aparatul de spălat cu presiune Kärcher cu baterie ,Li-Ion, și rezervor de apă pentru aplicații mobile. Ușor de transportat și depozitat. Cu jet de apa plat pentru suprafețe delicate.,cod comanda: 1.680-030.0,Varianta plus vine cu : rezervor de 7L",Nou,La comanda,721.0,"660,00"
Karcher - Aspirator uscat  VC 3 FILTRU HEPA,1.198-125.0,"Va scuteste de inlocuirea sacilor si de cumpararea altora noi: VC 3 Premium, aspirator cu tehnologie cyclone si cu cos colector transparent ce poate fi spalat.,cod comanda: 1.198-125.0",Nou,,855.0,"660,00"
Karcher - Pompa submersibila pentru apa murdara SP7 Dirt,1.645-504.0,"15500 litri pe ora, rezistenta si fiabila: pompa submersibila de apa murdara cu prefiltru integrat si intrerupator flotor reglabil pe inaltime pentru o mai mare flexibilitate,cod comanda: 1.645-504.0",Nou,,799.0,"650,00"
Karcher - Aparat de spalat cu acumulator OC 3,1.680-015.0,"Aparatul de spalat Karcher OC 3 cu acumulator litiu-ion si rezervor de apa pentru aplicatii mobile. Usor de transportat si depozitat. Cu jet plat pentru curatarea suprafetelor delicate.,cod comanda: 1.680-015.0",Nou,La comanda,687.0,"630,00"
Karcher - Curatitor cu abur SC2 Easyfix,1.512-050.0,"Aparatul de curatat cu abur Kärcher SC 2 este perfect pentru curatarea fara substante chimice, igienizand suprafetele dure din casa.,cod comanda: 1.512-050.0",Nou,In stoc ,659.0,"630,00"
Karcher - Bp 1 SET POMPA DE BUTOI,1.645-465.0,"BP 1 Barrel Set - inovator: Pompa cilindrica cu comutator pornit / oprit direct pe marginea tamburului. Gata de utilizare imediat, datorită furtunului de gradina suplimentar pentru udare convenabila, cu apă de ploaie.,cod comanda: ,1.645-465.0",Nou,LA COMANDA -LIVRARE IN 4 ZILE,810.0,"625,00"
Karcher - Curatitor cu apa sub presiune Kärcher K3,1.601-888.0,"Presiune ideală pentru folosirea ocazională si murdărie ușoară. ,Presiune : 120 de bari,Pentru curatarea cu spuma puternica va recomandam sa achizitionati accesoriul Fj 6 (Pentru autoturisme, motociclete, etc. ),click aici pentru naviga spre produs!,cod comanda : 1.601-888.0",Nou,in stoc ,845.0,"620,00"
Karcher - Aspirator pentru geamuri profesional WV 10,1.633-550.0,"Multumita design-ului inovator, noul model profesional de aspirator de geamuri, WVP 10, curata fara restrictii suprafetele plate si netede pe verticala, orizontala cat si deasupra capului.,cod comanda: , 1.633-550.0",Nou,In stoc ,776.0,"610,00"
Karcher - Motocoasa GBC 52,GBC52,"Se utilizează în principal pentru tăierea suprafețelor neuniforme .,cod comanda: ,GBC52",Nou,,950.0,"600,00"
Karcher - Trimmer pentru gazon LTR 18-25 battery set,1.444-301.0,"Trimmerul pentru gazon cu acumulator LTR 18-25.  Ușor, ergonomic și simplu de utilizat.,Battery set include un acumulator și un încărcător.,cod comanda: 1.444-301.0",Nou,La comanda,653.0,"598,00"
Karcher - BP 3 garden pompa pentru gradina,1.645-351.0,"Pompa de gradina rezistenta si puternica BP 3 Garden este perfecta pentru udarea ecologica si economica a gradinii folosind apa din surse alternative, cum ar fi cisterne sau rezervoare.,cod comanda: ,1.645-351.0",Nou,IN STOC ,762.0,"589,00"
Karcher - Curatitor cu apa sub presiune K2 Compact Home,1.673-503.0,"Aparatul de spalat cu presiune Karcher K 2 Compact Home este ideal pentru îndepărtarea murdăriei normale, ușor de depozitat și transportat și include un Kit Home cu agent de curățare a teraselor ""Patio & Deck"" si accesoriul T 150,cod comanda: 1.673-503.0",Nou,Produsul nu mai este disponibil,752.0,"580,00"
Karcher - Aspirator cenusa Karcher AD 2 EU, 1.629-711.0,"Noul aspirator uscat pentru cenusa, cu o putere de 600 W si un recipient metalic rezistent de 14 litri. Ideal pentru indepartarea eficienta si sigura a cenusei.,cod comanda: ,1.629-711.0",Nou,La comanda ,744.0,"575,00"
Karcher - Pompa submersibila pentru apa murdara Sp5 box,1.645-507.0,"Pompa submersibila Pump Box pentru ugente ca inundatii sau maree: cu pompa de apa murdara, furtun de tesatura si carcasa de transport cu ochiuri ce poate fi utilizata ca prefiltru.,cod comanda: 1.645-507.0",Nou,,633.0,"568,00"
Karcher - APARAT DE SPALAT CU PRESIUNE K2 POWER CONTROL,1.673-600.0,"K2 Power Control pentru curățarea bicicletelor, uneltelor de grădină sau a mobilierului de grădină. Consultant prin intermediul aplicației Kärcher Home & Garden,cod comanda: ,1.673-600.0",Nou,La comanda,710.0,"560,00"
Karcher - Pompa submersibila pentru apa murdara SP5 Dual,1.645-580.0,"Pompeaza apa curata sau murdara pana la 9500l/h. Robusta pana in cel mai mic detaliu, pompa submersibila SP 5 Dual are functie 2-in-1 putand evacua apa pana la nivelul de 1mm.,cod comanda: 1.645-580.0",Nou,,650.0,"555,00"
Karcher - Furtun Primo Flex® Plus (3/4'' - 50m),2.645-149.0,"50 m de furtun de gradina de calitate plus PrimoFlex® ce contine fibre DuPontTM Kevlar® (3/4""). Rezistent la presiune, impletitura consolidata. Nu este daunator pentru sanatate. Presiune exploziva: 45 bari. Interval de temperatura de operare extins de la -20 la 65ºC.,Cod de comanda:2.645-149.0",Nou,,560.0,"554,13"
Karcher - Bp 2 Pompa de irigare pentru casa si gradina,1.645-350.0,"Puternica si rezistenta: pompa de gradina BP 2 Garden este solutia ideala de nivel incepator pentru udarea ecologica a gradinii folosind surse alternative de apa cum ar fi cisterne, rezervoare, etc.,cod comanda:,1.645-350.0",Nou,,618.0,"540,00"
Karcher - Aspirator uscat - WD 3 S V-17/4/20 (YSY) *EU,1.628-135.0,"Aspiratorul multifunctional WD 3 Premium este echipat cu un container de 17 litri din otel inoxidabil, robust si rezistent la coroziune, un filtru cu cartus precum si accesorii noi.,Varianta premium vine in plus cu recipientul de inox ,Cod de comanda:1.629-863.0",Nou,,660.0,"539,00"
MAKITA POMPA SUBMERSIBILA PF1110,PF1110 ,PF1110 - Pompă sumersibilă 1100W 15000 l/h Pompă submersibilă pentru apă murdară ideală pentru golirea apei murdare din iazuri de grădină și bazine mari.,Nou,Produsul nu mai este disponibil,797.0,"535,00"
Karcher - Aspirator de geamuri WV5 PREMIUM Non Stop Cleaning Kit *EU,1.633-447.0,Cod de comanda: 1.633-447.0,Nou,in stoc ,668.0,"530,00"
Karcher - Foarfeca de tuns gardul viu HGE 18-45,1.444-230.0,"Greutate redusă pentru o muncă fără efort: foarfeca de tuns gardul viu cu acumulator HGE 18-45 Battery cu lamă diamantată pentru o tăiere precisă.,Foarfeca vine fara baterie si acumulator,cod comanda: 1.444-230.0",Nou,La comanda,593.0,"523,00"
Karcher - Foarfeca de tuns iarba si gardul viu GSH 18 20,1.444-200.0,"Foarfeca de tuns iarba și gardul viu cu acumulator GSH 18-20 Battery este ideală pentru a tăia cu precizie iarba de pe margini și pentru a da formă arbuștilor.,Foarfeca vine fara baterie si incarcator,cod comanda: 1.444-200.0",Nou,La comanda,595.0,"507,00"
Karcher - ASPIRATOR PENTRU GEAMURI WV 1 + KV 4,1.633-209.0,"Curățarea geamurilor nu a fost niciodată atât de ușoară: mai întâi, îndepărtați murdăria folosind aparatul de sters suprafetele netede, KV 4 cu vibratii care distribuie apa electric și apoi aspirați apa murdară folosind aspiratorul de geamuri WV 1.,cod comanda: 1.633-209.0",Nou,,666.0,"498,00"
Karcher - Trimmer pentru gazon LTR 36-33,1.444-350.0,"Iarba și buruienile greu de îndepărtat nu au nicio șansă în fața trimmerului pentru gazon LTR 36-33 Battery.,Masina vine fara baterie si incarcator,cod comanda: 1.444-350.0",Nou,La comanda,606.0,"498,00"
Karcher - Suflanta pentru frunze LBL 4,1.445-150.0,"Puternică și mobilă: Suflanta de frunze fără fir de 36 V, cu reglarea puterii în 2 trepte, atinge o viteză a aerului de max. 250 km / h.,Suflanta vine fara baterie si incarcator,cod comanda: 1.445-150.0",Nou,La comanda,571.0,"490,00"
Karcher - Furtun Primo Flex® Premium (1/2'' - 50m),2.645-151.0,"50 m de furtun de gradina de calitate Premium PrimoFlex® ce contine fibre DuPontTM Kevlar® (1/2""). Tehnologie dublu-consolidata brevetata. Nu este daunator pentru sanatate. Presiune exploziva: 50 bari. Interval de temperatura de la -20 la 65ºC.,Cod de comanda:2.645-151.0",Nou,La comanda ,490.0,"481,60"
Karcher - Pompa submersibila pentru apa murdara SP5 Dirt,1.645-503.0,"Pompeaza rapid si transporta pana la 9500 litri de apa murdara pe ora: cu rezistenta pompa de apa murdara SP 5 Dirt cu intrerupator flotor reglabil pe inaltime pentru o mai mare flexibilitate,cod comanda: 1.645-503.0",Nou,IN STOC ,590.0,"480,00"
Karcher - Aparat pentru indepartarea buruienilor WRE 5,1.445-244.0,"Pentru îndepărtarea mușchiului și a buruienilor de pe suprafețele dure - aparatul pentru îndepărtarea buruienilor WRE 18-55 are o perie inovatoare care se schimbă ușor, fără unelte.,Masina vine fara baterie si incarcator,cod comanda: 1.445-244.0",Nou,La comanda,598.0,"477,00"
Karcher - KWD 3 INOX   *EU,1.628-446.0,"Aspiratorul multifunctional KWD 3 INOX  puternic si eficient din punct de vedere energetic este echipat cu un recipient din plastic de 17 litri, un filtru pentru apa , precum si accesorii noi.,Cod de comanda:1.628-446.0,VARIANTA CU CUVA DE INOX ARE FILTRU INCLUS SI 5 SACI ",Nou,IN TOC ,570.0,"460,00"
Karcher - Pompa de butoi Bp 1,1.645-460.0,"BP 1 Barrel - pompa cu rezervor inovatoare cu buton pornire/oprire pe accesoriul rezervorului. Pentru udare inteligenta cu apa de ploaie bogata in nutrienti. Economie de apa potabila + bani.,cod comanda: ,1.645-460.0",Nou,La comanda ,542.0,"460,00"
Karcher - Curatitor cu abur SC1 Easy fix,1.516-330.0,"Aparatul de curatat cu abur Kärcher SC 1 EasyFix cu tevi de prelungire si duza pentru podele EasyFix este solutia perfecta pentru curatenie rapida fara detergenti.,cod comanda: 1.516-330.0",Nou,,482.0,"460,00"
Karcher - Aspirator de geamuri WV 6 Plus *EU, 1.633-510.0,"Chiar mai flexibil în ceea ce privește utilizarea cu tehnologia inovatoare a lamelei, WV 6 Plus cu acumulator pentru geamuri curate, fără murdărie și dungi în cel mai scurt timp.,cod comanda: 1.633-510.0",Nou,In stoc ,586.0,"450,00"
Karcher - Programator digital ST6 ecologic,2.645-213.0,"Computerul de irigare ecologica ST6 SentoTimer inteligent are la baza cererea de apa a plantelor si iriga tinand cont de controlul umiditatii, cu ajutorul unui senzor radio.,Cod de comanda:2.645-213.0",Nou,La comanda,537.0,"430,00"
Karcher - Pompa submersibila pentru apa murdara NEPTUN INOX,NEPTUN INOX,Pompa poate fi utilizată eficient pentru transportarea apei uzate brute cu conţinut de impurităţi de pe şantiere sau a apei cu conţinut de particule flotante şi obiecte solide.,Nou,,560.0,"429,00"
Karcher - Aspirator umed - uscat Wd 1,1.198-300.0,"Nu cunoaște limitele, aspiratorul multifunctional WD 1 cu baterie de 18 V reîncărcabila, cu accesorii speciale pentru curățare. ,Bateria nu este inclusă,cod comanda:1.198-300.0",Nou,La comanda,484.0,"427,00"
Karcher - Carucior metalic pentru furtun HT 80 M,2.645-042.0,"Cadru metalic robust, anticoroziv si retractor. Maner ergonomic, cu sistem antialunecare. Cu ghidaj pentru furtun si furca de impingere rabatabila. Manivela detasabila pentru o desfasurare si infasurare usoara. Se livreaza nemontat.,Cod de comanda:2.645-042.0",Nou,,445.0,"400,00"
Karcher - Aspirator de geamuri WV5 Premium Plus,1.633-453.0,"Curatitorul de geamuri cu acumulator WV 5 Premium asigura curatarea imediata a geamurilor, fara urme si fara picurare. Acumulatorul optional permite curatarea continua.,cod comanda: 1.633-453.0",Nou,,418.0,"398,00"
MAKITA - POMPA SUBMERSIBILA PF0610,PF0610,"PF0610 - Pompă sumersibilă 550W 10800 l/h ,Pompă submersibilă ideală pentru bazine mari de apă murdară și beciuri inundate.",Nou,,594.0,"379,00"
Karcher - Matura cu acumulator KB 5,1.258-000.0,"Gata de utilizare, mai rapid decat un aspirator: matura electrica fara fir pentru o curatare comoda de intretinere. Randament de curatare deosebit in cele mai mici locuri.,cod comanda: 1.258-000.0",Nou,,480.0,"370,00"
Karcher - Pompa submersibila pentru apa murdara SP3 Dirt,1.645-502.0,"Pompa fiabila de transport si circulare a apei curate sau murdare cu o capacitate de pana la 7000 l/h: SP 3 Dirt cu comutator flotor,cod comanda: 1.645-502.0",Nou,,424.0,"365,00"
Karcher - Aspirator uscat - umed WD2,1.628-000.0,"Aspiratorul multifuncțional WD 2 este puternic și eficient din punct de vedere energetic este dotat cu un recipient din plastic cu capacitatea de 12 litri, robust și rezistent la lovituri și reprezintă dispozitivul ideal la utilizare.,Cod de comanda:1.628-000.0",Nou,la comanda ,455.0,"360,00"
Karcher - Suflanta pentru frunze LBL 2,1.445-100.0,"Suflanta puternică de 18 V de la Kärcher atinge viteza aerului de 210 km / h și convinge cu o manevrabilitate ergonomică și un echilibru bun.,Suflanta vine fara baterie si incarcator,cod comanda: 1.445-100.0",Nou,La comanda,360.0,"360,00"
Karcher - Trimmer pentru gazon LTR 18-30,1.444-310.0,"Trimmerul pentru gazon cu acumulator LTR 18-30 Battery este proiectat astfel încât să fie cât mai ușor de utilizat, asigură o tăiere uniformă în fiecare colț al grădinii și pe margini.,Masina vine fara baterie si incarcator,cod comanda: 1.444-310.0",Nou,La comanda,415.0,"360,00"
Karcher - Pompa submersibila pentru apa murdara CT 2274,CT2274,"În cazul inundaţiilor sau a căminelor inundate de apes ubterane, pentru drenarea altor spaţii inundate, pentru irigarea grădinilor prin inundare,cod comanda: ,CT2274",Nou,,500.0,"350,00"
Karcher - Aparat de geamuri KV 4,1.633-920.0,"Aparatul KV 4 cu vibratii elimină fără efort murdăria de pe suprafețele netede. Apa distribuită electric si vibrațiile fac curatatul clasic un lucru din trecut.,cod comanda: 1.633-920.0",Nou,,458.0,"350,00"
Karcher - Carucior pentru furtun HT 4.520 si furtun,2.645-168.0,"Carucior pentru furtunuri foarte mobil cu suport pentru accesorii si carlig de depozitare. Cu maner pentru ajustarea inaltimii, piese de prindere unghiulare pentru a evita incovoierea furtunului, cric pentru roti si functie de pliere pentru spatiu redus de depozitare. Complet asamblat.,Cod de comanda:2.645-168.0",Nou,La comanda,398.0,"349,00"
Karcher - ASPIRATOR PENTRU GEAMURI WV 2 PLUS N,1.633-212.0,"Manevrare ușoară, fără urme datorită lamelei de aspirare și este extrem de eficient. Cu aspiratorul de geamuri de la Kärcher, geamurile sunt strălucitoare în cel mai scurt timp.,cod comanda: ,1.633-212.0",Nou,,392.0,"330,00"
Karcher - Tambur pentru furtun Premium HR 7.315 Set 1/2',2.645-164.0,"Statie de irigare pentru depozitarea practica si compacta a furtunurilor si a accesoriilor de gradina. Cu cilindru demontabil, posibilitate de depozitare pentru duze, pistoale de pulverizare si tevi de pulverizare, precum si cutie de depozitare spatioasa. Complet echipata.,Cod de comanda:2.645-164.0",Nou,La comanda,0.0,"330,00"
Karcher - Pompa submersibila pentru apa curata SP2 Flat,1.645-501.0,"Pana la 6000 l/h si aspira apa pana la 1 mm, lasand suprafata uscata ca dupa stergerea cu mopul: pompa submersibila SP 2 Flat este modelul entry-level compact pentru apa curata sau usor murdara.,cod comanda: 1.645-501.0",Nou,la comanda ,385.0,"327,00"
Karcher - KWD 3 V-17/4/20/F (BYY) *EU,1.628-442.0,"Aspiratorul multifunctional KWD 3 puternic si eficient din punct de vedere energetic este echipat cu un recipient din plastic de 17 litri, un filtru pentru apa , precum si accesorii noi.,Cod de comanda:1.628-442.0",Nou,la comanda ,386.0,"309,00"
Karcher - Carucior pentru furtun HT 3.420 Kit 1/2',2.645-166.0,"Carucior compact pentru furtunuri cu maner pentru ajustarea inaltimii, piesa de prindere unghiulara pentru furtun, cric pentru roti si functia inovatoare de pliere pentru depozitarea compacta. Complet asamblat.,Cod de comanda:2.645-166.0",Nou,La comanda,0.0,"300,00"
Karcher - ASPIRATOR PENTRU GEAMURI WV 2 Plus D500 *EU,1.633-493.0,"Manevrare ușoară, fără urme datorită lamelei de aspirare și este extrem de eficient. Cu aspiratorul de geamuri de la Kärcher, geamurile sunt strălucitoare în cel mai scurt timp.,cod comanda: 1.633-493.0",Nou,IN STOC ,430.0,"299,00"
Karcher - Pompa submersibila pentru apa murdara SP1 Dirt,1.645-500.0,"Robusta si de incredere: pompa submersibila SP 1 Dirt cu o capacitate de pompare de max. 5500 l/h cu flotor este modelul compact entry-level potrivit pentru pompare si circulare a apei murdare,cod comanda: 1.645-500.0",Nou,la comanda ,380.0,"290,00"
Karcher - Pompa submersibila pentru apa murdara CT 4274,CT4274,"În cazul inundaţiilor sau a căminelor inundate de ape subterane, pentru drenarea altor spaţii inundate, pentru irigarea grădinilor prin inundare,cod comanda: CT4274",Nou,,380.0,"287,00"
Karcher - Trimmer pentru gazon LTR 18-25,1.444-300.0,"Ergonomic la prindere, cu o greutate redusă și ușor de utilizat: trimmerul pentru gazon cu acumulator LTR 18-25 Battery.,Masina vine fara baterie si incarcator,cod comanda: 1.444-300.0",Nou,In stoc ,323.0,"285,00"
Karcher - Pompa submersibila pentru apa curata CT 3674,CT3674,"În cazul inundaţiilor sau a căminelor inundate de ape subterane, pentru drenarea altor spaţii inundate, pentru irigarea grădinilor prin inundare,cod comanda: CT3674",Nou,,369.0,"284,00"
Karcher - Pompa submersibila pentru apa curata CT 4274W,CT4274W,"În cazul inundaţiilor sau a căminelor inundate de ape subterane, pentru drenarea altor spaţii inundate, pentru irigarea grădinilor prin inundare,cod comanda: ,CT4274 W",Nou,,360.0,"277,00"
Karcher - Pompa submersibila pentru apa murdara CT 3274,CT3274,"În cazul inundaţiilor sau a căminelor inundate de ape subterane, pentru drenarea altor spaţii inundate, pentru irigarea grădinilor prin inundare,cod comanda: CT3274",Nou,,351.0,"270,00"
Karcher - Carucior pentru furtun HT 4.500,2.645-170.0,"Carucior pentru furtunuri foarte mobil cu suport pentru accesorii si carlig de depozitare. Cu maner pentru ajustarea inaltimii, piese de prindere unghiulare pentru a evita incovoierea furtunului, cric pentru roti si functie de pliere pentru spatiu redus de depozitare. Complet asamblat.,Cod de comanda:2.645-170.0",Nou,La comanda,0.0,"260,00"
MAKITA - POMPA SUBMERSIBILA PF0410,PF0410,"PF0410 - Pompă sumersibilă 400W 8400 l/h ,Pompă submersibilă pentru apă murdară recomandată pentru golirea apei murdare din beciuri inundate și iazuri de grădină.cu o dimensiune maximă a particulelor admise de 35mm.",Nou,,404.0,"259,00"
Karcher - Pompa submersibila pentru apa curata CT 3274W,CT3274W,"În cazul inundaţiilor sau a căminelor inundate de ape subterane, pentru drenarea altor spaţii inundate, pentru irigarea grădinilor prin inundare,cod comanda: CT3274W",Nou,,320.0,"246,00"
Karcher - Tambur pentru furtun Premium HR 7.300,2.645-163.0,"Statie de irigare pentru depozitarea practica si compacta a furtunurilor si a accesoriilor de gradina. Cu cilindru demontabil, posibilitate de depozitare pentru duze, pistoale de pulverizare si tevi de pulverizare, precum si cutie de depozitare spatioasa.,Cod de comanda:2.645-163.0",Nou,La comanda,0.0,"246,00"
Karcher - Aparat de curatat gheata EDI 4,1.598-900.0,"Dispozitivul EDI 4 cu acumulator pentru indepartarea ghetii de pe parbriz si de pe geamurile autovehiculelor.,cod comanda: 1.598-900.0",Nou,,236.0,"234,00"
Karcher - Furtun Primo Flex® (3/4'' - 25m),2.645-142.0,"Furtun de gradina de calitate PrimoFlex® (3/4"") 25 m. Rezistent la presiune, impletitura consolidata. Nu este daunator pentru sanatate. Presiune exploziva: 24 bari. Interval de temperatura de la -20 la 65ºC.,Cod de comanda:2.645-142.0",Nou,,250.0,"228,00"
Karcher - Cutie compacta de furtunuri CR 3.110 Balcony,2.645-210.0,"Cutie de furtun compact pentru irigarea balcoanelor, a teraselor de pe acoperisuri si a gradinilor mici. Bobinare si debobinare convenabila si rapida. Ideala pentru depozitarea acasa, in spatii reduse.,Cod de comanda:2.645-210.0",Nou,La comanda,0.0,"220,00"
Karcher - Aspersor oscilant OS 5.320 SV,2.645-135.0,"Aspersor oscilant OS 5.320 SV cu control de acoperire a latimii si protectie impotriva improscarii pentru o aliniere convenabila. Pentru suprafete medii/mari de pana la 320 m2. Control ajustabil al debitului (0-max.).,Cod de comanda:2.645-135.0",Nou,La comanda,0.0,"200,00"
Karcher - Furtun Primo Flex® (1/2'' - 50m),2.645-139.0,"Furtun de gradina de calitate PrimoFlex® (1/2"") 50 m. Rezistent la presiune, impletitura consolidata. Nu este daunator pentru sanatate. Presiune exploziva: 24 bari. Interval de temperatura de la -20 la 65ºC.,Cod de comanda:2.645-139.0",Nou,,231.0,"199,00"
Karcher - Furtun Primo Flex® Premium (1/2'' - 20m),2.645-150.0,"20 m de furtun de gradina de calitate plus PrimoFlex® ce contine fibre DuPontTM Kevlar® (1/2""). Tehnologie dublu-consolidata brevetata. Nu este daunator pentru sanatate. Presiune exploziva: 50 bari. Interval de temperatura de la -20 la 65ºC.,Cod de comanda:2.645-150.0",Nou,,195.0,"192,39"
Karcher - Dus de gradina,2.645-181.0,"Solutia de gradina 2 in 1: Chiar daca este utilizata ca un dus minunat sau ca o teava de pulverizare complet acoperita pentru irigarea eficienta a plantelor, dusul de gradina poate fi montat rapid si ascuns intr-un spatiu mic.,Cod de comanda:2.645-181.0",Nou,La comanda,0.0,"178,00"
Karcher - Set furtun de absorbtie,2.645-241.0,"Setul de furtunuri de picurare gata de conectare (include filtru si piesa finala) este in special recomandat pentru irigarea eficienta a tufisurilor si gardurilor vii, datorita aplicarii uniforme.,Cod de comanda:2.645-241.0",Nou,La comanda,0.0,"170,00"
Karcher - Set de furtunuri 1/2'' - 20m,2.645-115.0,"Set de furtunuri cu furtun standard de 20 m (1/2""), pistol de pulverizare, racord de robinet cu filet 3/4"" cu reducator cu filet 1/2"", racord de furtun universal si racord universal cu Aqua Stop.,Cod de comanda:2.645-115.0",Nou,,170.0,"168,23"
Karcher - Aspersor oscilant OS 5.320 S,2.645-134.0,"Aspersor oscilant OS 5.320 pentru irigarea suprafetelor si gradinilor medii si mari. Control ajustabil al debitului (0-max.). Acoperire maxima: 320 m2,Cod de comanda:2.645-134.0",Nou,La comanda,0.0,"164,00"
Karcher - Set furtunuri in forma de spirala,2.645-178.0,"10 m de furtun in spirala, pistol de pulverizare multifunctional, 1 x racord de furtun cu protectie impotriva incovoierii, 1 x racord de furtun cu protectie impotriva incovoierii si Aqua Stop, adaptor de robinet G4/4, adaptor de robinet de alama pentru instalatii interne, consola de perete.,Cod de comanda:2.645-178.0",Nou,,161.0,"158,92"
Karcher - Furtun de absorbtie,2.645-228.0,"Datorita aplicarii uniforme, furtunul de absorbtie cu lungimea de 25 m este perfect pentru irigarea eficienta a gardurilor vii si a tufisurilor. Furtunul nu contine ftalati si poate fi prelungit pana la 50 m.,Cod de comanda:2.645-228.0",Nou,La comanda,149.0,"150,00"
Karcher - Micro set de irigare,2.645-239.0,"Setul de duze contine coliere variate de pulverizare, etansare si anti-picurare pentru Kärcher Rain System®, prelungind astfel in mod eficient sistemul de irigare.,Cod de comanda:2.645-239.0",Nou,,150.0,"144,04"
Karcher - Set demaror furtun in forma de spirala,2.645-179.0,"10 m de furtun in spirala, pistol de pulverizare multifunctional, 1 x racord de furtun cu protectie impotriva incovoierii, 1 x racord de furtun cu protectie impotriva incovoierii si Aqua Stop, adaptor de robinet G3/4.,Cod de comanda:2.645-179.0",Nou,,150.0,"144,04"
Karcher - Distribuitor cu 3 cuplaje,2.645-200.0,"Distribuitor cu 3 cuplaje pentru 3 racorduri de apa independente, reglabile individual. Ideal pentru conectarea a doua furtunuri la un singur robinet. (racord de robinet G1, piesa de reducere G3/4).,Cod de comanda:2.645-200.0",Nou,,146.0,"144,04"
"Karcher - Set furtunuri 15m, cu suport pentru perete",2.645-114.0,"Furtunurile noastre sunt rezistente. Furtunurile de gradina din linia noastra de irigare se prezinta ca fiind extrem de flexibile, robuste si fara pericol de a se indoi. Avantajele lor: durata lunga de viata si manuire usoara. Seturi de furtunuri atractive completeaza oferta Kärcher in acest segment.,Cod de comanda:2.645-114.0",Nou,,141.0,"137,54"
Karcher - Programator manual pentru irigare WT 2,2.645-209.0,"Distribuitor cu 3 cuplaje, inclusiv ceas de irigare. Irigarea se opreste automat atunci cand timpul selectat s-a scurs (max. 120 minute). Dotat cu racord de robinet G1 si piesa de reducere G3/4.,Cod de comanda:2.645-209.0",Nou,La comanda,195.0,"124,00"
Karcher - Tija de pulverizare Premium,2.645-137.0,"Teava de pulverizare Premium robusta, ergonomica si durabila cu numeroase caracteristici. Pentru irigarea zonelor de dimensiuni mici/medii. Ideal pentru numeroase utilizari - inclusiv pentru cosurile agatate.,Cod de comanda:2.645-137.0",Nou,,0.0,"112,00"
Karcher - Pistol de pulverizat metalic multifunctional Premium,2.645-271.0,Cod de comanda:2.645-271.0,Nou,La comanda,0.0,"110,00"
Karcher - Set pistol de pulverizat multifunctional Plus,2.645-290.0,Cod de comanda:2.645-290.0,Nou,La comanda,0.0,"102,00"
Karcher - Furtun Primo Flex® (1/2'' - 20m),2.645-138.0,"Furtun de gradina de calitate PrimoFlex®, durabil, fara incovoiere, (1/2""), 20 m. Rezistent la presiune, impletitura consolidata. Nu este daunator pentru sanatate. Presiune exploziva: 24 bari. Interval extins de temperatura de operare de la -20 la 65ºC.,Cod de comanda:2.645-138.0",Nou,,99.0,"96,62"
Karcher - Aspersor oscilant OS 3.220,2.645-133.0,"Aspersor oscilant OS 3.220 pentru irigarea suprafetelor si gradinilor medii si mari. Ajustare infinita a acoperirii. Sistem deosebit de durabil. Acoperire maxima: 220 m2,Cod de comanda:2.645-133.0",Nou,La comanda,0.0,"95,00"
Karcher - Set de racord pentru furtun,2.645-240.0,"Setul de racordare contine piese diverse in T, I si finale, care extind Kärcher Rain System® si ofera oportunitati de racordare pentru furtunurile Kärcher Rain System®. ,Cod de comanda:2.645-240.0",Nou,La comanda,0.0,"92,00"
Karcher - Pistol de pulverizat multifunctional Plus,2.645-269.0,Cod de comanda:2.645-269.0,Nou,,0.0,"90,00"
Karcher - Pistol de pulverizat metalic Premium,2.645-270.0,Cod de comanda:2.645-270.0,Nou,La comanda,0.0,"90,00"
Karcher - Tija de pulverizare Plus,2.645-158.0,"Lance de pulverizare robusta, ergonomica si durabila cu numeroase caracteristici de inalta calitate. Cu cap flexibil de pulverizare (180º) si 6 modele de pulverizare. Pentru irigarea zonelor de dimensiuni mici/medii. Pentru toate aplicatiile de irigare a gradinilor, de la irigarea straturilor de flori sau legume pana la cea a ghivecelor agatate.,cod comanda: 2.645-158.0",Nou,La comanda,0.0,"89,00"
Karcher - Aspersor pulsatoriu cu rotatie completa PS 300,2.645-023.0,"Pentru suprafete mari si gradini. Unghi de stropire reglabil, fara trepte, de la 30° la 360° si de sus in jos. Varf ascutit robust pentru sol denivelat sau dur. Sistem clic potrivit tuturor marcilor!,Cod de comanda:2.645-023.0",Nou,,0.0,"80,00"
Karcher - Furtun de absorbtie,2.645-229.0,"Furtunul de absorbtie cu lungimea de 10 m este perfect pentru irigarea eficienta a gardurilor vii si a tufisurilor datorita unei aplicari uniforme. Furtunul nu contine ftalati si poate fi prelungit pana la 50 m.,Cod de comanda:2.645-229.0",Nou,La comanda,0.0,"78,00"
"Karcher - Lance pentru udat, 6 pozitii",2.645-157.0,"Lance de pulverizare robusta, ergonomica si durabila cu numeroase caracteristici de inalta calitate. Pentru irigarea zonelor mici/medii. Ideala pentru numeroase rezervoare de irigare. Cu 6 moduri de pulverizare.,cod comanda: 2.645-157.0",Nou,La comanda,0.0,"70,00"
Karcher - Furtun Kärcher Rain System®,2.645-227.0,"Furtunul Kärcher Rain System® alimenteaza Kärcher Rain System® cu apa. Diferite componente ajustabile de aplicare pot fi fixate direct pe furtun.,Cod de comanda:2.645-227.0",Nou,La comanda,0.0,"69,00"
Karcher - Set pistol de pulverizat,2.645-289.0,Cod de comanda:2.645-289.0,Nou,,72.0,"66,00"
Karcher - SACI FILTRANTI DIN FLEECE PENTRU WD3,2.863-314.0,Set de saci din material textil pentru aspiratoarele umed udcate din categoria WD3 .Contine 4 bucati / set ,Nou,in stoc ,77.0,"65,00"
Karcher - Aspersor circular RS 120/2,2.645-020.0,"Aspersor circular cu 2 brate. Pentru suprafete medii si gradini. Unghi de stropire reglabil. Sistem clic potrivit tuturor marcilor!,Cod de comanda:2.645-020.0",Nou,,0.0,"63,00"
Karcher - Pistol de pulverizat Plus,2.645-268.0,Cod de comanda:2.645-268.0,Nou,,0.0,"63,00"
Karcher - Placa cu senzor de inlocuire,2.645-242.0,"Senzor de înlocuire tampoane pentru eco SensoTimer ST6! ogic și eco ST6 Duo! Ecogic, pentru a menține funcționarea optimă a sistemului, în orice moment. Tampoanele de senzori trebuie schimbate o dată pe an.,cod comanda: 2.645-242.0",Nou,La comanda,0.0,"56,18"
Karcher - Set de racordare,2.645-122.0,"Set de racord: racord de furtun cu filet 3/4"" cu reducator de filet 1/2"", doua racorduri universale de furtunuri si 1,5 m de furtun Primo Flex® ce contine fibre DuPontTM Kevlar® (5/8""). Pentru conectarea caruciorului de furtun si a tamburului la robinet.,Cod de comanda:2.645-122.0",Nou,,59.0,"55,71"
Karcher - Suport furtun Plus,2.645-161.0,"Carlig Plus robust pentru furtunuri, pentru montarea usoara pe perete. Depozitare practica si compacta a furtunului. Cu cutie de depozitare pentru duze, pistoale de pulverizare, piese de prindere si manusi de gradinarit. Ideal pentru toate furtunurile obisnuite. Cod de comanda:2.645-161.0",Nou,La comanda,0.0,"53,00"
Karcher - Pistol de pulverizat multifunctional plus,2.645-266.0,Cod de comanda:2.645-266.0,Nou,La comanda,0.0,"53,00"
Karcher - Spuma activa auto concentrata LIGHT Grass 5Kg,Grass Light 5kg,"Active Foam Light este o spuma activa auto usor concentrata, alcalina destinata spalarii, fara contact, a autovehiculelor. indeparteaza cu usurinta praful, murdaria, uleiul, urme de insecte. Se spala cu usurinta, si nu deterioreaza aliajele de metale neferoase. Ideal pentru spalarea autovehiculelor in timpul verii. Contine aditivi anti-coroziune.",Nou,In stoc ,0.0,"52,00"
Karcher - Conector universal Aqua Stop On-Off,2.645-198.0,"Supapa de control ce se plaseaza intre furtun si aspersor. Pentru controlul continuu al debitului de apa variabil de la 0 la max. Include un cuplaj dublu pentru conectarea a doua furtunuri.,Cod de comanda:2.645-198.0",Nou,,50.0,"48,26"
Karcher - Micro-duza pentru pulverizare,2.645-236.0,"Colierele de pulverizare cu indicator integrat pot fi fixate oriunde pe furtunul Kärcher Rain System®. Micro-pulverizatorul ajustabil poate fi reglat conform cerintelor.,Cod de comanda:2.645-236.0",Nou,La comanda,0.0,"48,00"
Karcher - Reducator de presiune si filtru de particule,2.645-226.0,"Reducatorul de presiune cu filtru reduce presiunea de intrare de la max. 12 bari la o presiune optima de 4 bari pentru Kärcher Rain System®. Filtrul protejeaza Kärcher Rain System® de particulele de murdarie.,Cod de comanda:2.645-226.0",Nou,La comanda,0.0,"48,00"
Karcher - Aspersor multifunctional cu 6 pozitii MS 100,2.645-026.0,"Aspersor selector multifunctional MS 100 pentru irigarea zonelor si gradinilor mici, 6 modele de pulverizare pentru irigare versatila. Acoperire maxima: 78 m2,Cod de comanda:2.645-026.0",Nou,,0.0,"48,00"
Karcher - Element de stropit din alama,2.645-054.0,"Element de stropit semiprofesional din alama. Maner confortabil din cauciuc pentru manuire usoara. Jet reglabil de la presiune puternica la presiune slaba. Sistem clic robust din alama potrivit tuturor marcilor!,Cod de comanda:2.645-054.0",Nou,,48.0,"45,48"
Karcher - Reparator furtunuri din alama,2.645-103.0,"Calitate care face fata oricarei presiuni Noua linie de alama de la Kärcher este destinata utilizarii semiprofesionale in gradina Dvs. Prelucrarea valoroasa si materialul robust garanteaza o durata de viata extrem de lunga chiar si in cazul utilizarii continue.,Cod de comanda:2.645-103.0",Nou,,49.0,"45,48"
Karcher - Cuplu pentru furtun din alama 3/4' cu Aquastop,2.645-018.0,"Cuplu din alama pentru furtun de inalta calitate. Inel din cauciuc confortabil pentru manuire usoara si o fixare mai buna. Decuplare sigura fara scurgeri datorita sistemului Aquastop. Potrivit pentru furtunurile de 3/4"". Sistem clic robust din alama potrivit tuturor marcilor!,Cod de comanda:2.645-018.0",Nou,,49.0,"45,48"
Karcher - Pistol de pulverizat,2.645-265.0,Cod de comanda:2.645-265.0,Nou,La comanda,0.0,"45,00"
Karcher - Cuplu pentru furtun din alama 1/2' si 5/8' cu Aquastop,2.645-017.0,"Cuplu din alama pentru furtun de inalta calitate. Inel din cauciuc confortabil pentru manuire usoara si o fixare mai buna. Decuplare sigura fara scurgeri datorita sistemului Aquastop. Potrivit pentru furtunurile de 1/2"" si 5/8"". Sistem clic robust din alama potrivit tuturor marcilor!,Cod de comanda:2.645-017.0",Nou,,44.0,"40,81"
Karcher - Cuplu pentru furtun din alama 3/4',2.645-016.0,"Cuplu din alama pentru furtun de inalta calitate. Inel din cauciuc confortabil pentru manuire usoara si o fixare mai buna. Potrivit pentru furtunurile de 3/4"". Sistem clic robust din alama potrivit tuturor marcilor!,Cod de comanda:2.645-016.0",Nou,,44.0,"40,81"
Karcher - Reparator furtunuri din alama,2.645-102.0,"Calitate care face fata oricarei presiuni. Noua linie de alama de la Kärcher este destinata utilizarii semiprofesionale in gradina Dvs. Prelucrarea valoroasa si materialul robust garanteaza o durata de viata extrem de lunga chiar si in cazul utilizarii continue.,Cod de comanda:2.645-102.0",Nou,,40.0,"38,03"
Karcher - PISTOL CU REGLAJ PENTRU STROPIT,2.645-267.0,Cod de comanda:2.645-267.0,Nou,La comanda,0.0,"37,00"
Karcher - Racord T cu ajustarea debitului de apa,2.645-231.0,"Piesa in T cu posibilitate de reglare conecteaza 3 furtunuri Kärcher Rain System® si furtunuri de absorbtie. Teul lateral este reglabil si este perfect pentru racordarea furtunului de absorbtie.,Cod de comanda:2.645-231.0",Nou,La comanda,0.0,"36,00"
Karcher - Consola de perete,2.645-182.0,"Consola practica de perete pentru depozitarea curata si in siguranta a tevilor de pulverizare, precum si utilizarea ca dus de gradina. Cod de comanda:2.645-182.0",Nou,La comanda,0.0,"35,00"
Karcher - Conector Universal Premium cu Aqua Stop,2.645-196.0,"Cuplaj de furtun universal Premium realizat din metal. Dotat cu Aqua Stop si cu o clema de furtun robusta, realizata din cleme cu caneluri din plastic moale si din aluminiu fara coroziune. Compatibil cu toate sistemele de prindere cu clic.,Cod de comanda:2.645-196.0",Nou,,35.0,"33,37"
Karcher - Conector universal Premium,2.645-195.0,"Cuplaj de furtun universal Premium realizat din metal. Dotat cu o clema de furtun robusta, realizata din cleme cu caneluri din plastic moale si din aluminiu fara coroziune. Compatibil cu toate sistemele de prindere cu clic.,Cod de comanda:2.645-195.0",Nou,,35.0,"33,37"
Karcher - Filtru de particule,2.645-225.0,"Filtrul de particule protejeaza in mod fiabil Kärcher Rain System® de particulele de murdarie. Filtrul inserat poate fi demontat si curatat usor si practic.,Cod de comanda:2.645-225.0",Nou,La comanda,0.0,"31,00"
Karcher - Set duze,2.645-288.0,Cod de comanda:2.645-288.0,Nou,La comanda,0.0,"31,00"
Karcher - Cuplu pentru furtun din alama 1/2' si 5/8',2.645-015.0,"Cuplu din alama pentru furtun de inalta calitate. Inel din cauciuc confortabil pentru manuire usoara si o fixare mai buna. Potrivit pentru furtunurile de 1/2"" si 5/8"". Sistem clic robust din alama potrivit tuturor marcilor!,Cod de comanda:2.645-015.0",Nou,,35.0,"30,40"
Karcher - UNI30-Set de saci,UNI30,"Set de 3 saci* Capacitate 30 l* Filtru universal: 59-70mm* Compatibil cu modelele: Karcher (WD4-WD5-WD6, NT 27/1 ,NT 360ECO)",Nou,In stoc ,0.0,"30,00"
Karcher - Duza pentru picurare,2.645-234.0,"Colierele cu picurare cu indicator integrat pot fi fixate in orice punct al furtunului Kärcher Rain System®. Driperul ajustabil determina irigarea directa a plantelor.,Cod de comanda:2.645-234.0",Nou,La comanda,0.0,"29,71"
Karcher - UNI20-Set de saci,UNI20,Set de 3 saci* Capacitate 20 l* Filtru universal: 59-70mm* Compatibil cu modelele: Karcher (WD3)/Siemens//Einhell/Thomas,Nou,In stoc ,0.0,"29,00"
Karcher - Aspersor pulverizare CS 90 Spike,2.645-024.0,"Pentru suprafete mici si gradini. Varf ascutit robust pentru sol denivelat sau dur. Sistem clic potrivit tuturor marcilor!,Cod de comanda:2.645-024.0",Nou,,0.0,"29,00"
Karcher - Conector Universal Plus Aqua Stop,2.645-194.0,"Cuplaj de furtun universal plus cu Aqua Stop si cleme cu caneluri din plastic moale pentru manevrare confortabila. Compatibil cu toate sistemele de prindere cu clic.,Cod de comanda:2.645-194.0",Nou,,28.0,"26,88"
Karcher - Conexiune universala pentru robinet,2.645-010.0,"Fixare robusta datorita filetului interior din cupru. Protectie filet pentru fixare usoara. Permite racordarea furtunului de gradina la robinetul de la bucatarie sau de la baie, de exemplu in cazul in care in zona exterioara nu exista un robinet pentru apa. Sfat: Optim pentru alimentarea unui aparat de curatat cu inalta presiune,Cod de comanda:2.645-010.0",Nou,,27.0,"25,94"
Karcher - Suport furtun,2.645-044.0,"Montare usoara pe peretii exteriori. Practic si fara a ocupa mult spatiu cu posibilitatea de a depozita elemente de stropit. Pentru toate furtunurile de gradina cunoscute.,Cod de comanda:2.645-044.0",Nou,,0.0,"25,00"
Karcher - Cuplaj cu 2 capete din alama,2.645-100.0,"Calitate care face fata oricarei presiuni Noua linie de alama de la Kärcher este destinata utilizarii semiprofesionale in gradina Dvs. Prelucrarea valoroasa si materialul robust garanteaza o durata de viata extrem de lunga chiar si in cazul utilizarii continue.,Cod de comanda:2.645-100.0",Nou,,27.0,"24,08"
Karcher - Racord robinet din alama G1,2.645-014.0,"Racord robinet robust din alama pentru utilizarea semiprofesionista. Inel din material sintetic, confortabil, pentru o fixare si o manuire usoara. Potrivit pentru robinete cu filet G1. Sistem clic potrivit tuturor marcilor!,Cod de comanda:2.645-014.0",Nou,,26.0,"24,08"
Karcher - Racord robinet din alama G3/4 cu piesa de reductie G1/2,2.645-013.0,"Racord robinet robust din alama pentru utilizarea semiprofesionista. Inel din material sintetic, confortabil, pentru o fixare si o manuire usoara. Potrivit pentru robinete cu filet G3/4 sau G1/2. Sistem clic potrivit tuturor marcilor!,Cod de comanda:2.645-013.0",Nou,,26.0,"24,08"
Karcher - Conector Universal Plus,2.645-193.0,"Cuplaj de furtun universal plus cu cleme cu caneluri din plastic moale pentru manevrare confortabila. Compatibil cu toate sistemele de prindere cu clic.,Cod de comanda:2.645-193.0",Nou,,25.0,"22,22"
Karcher - Colier de etansare,2.645-235.0,"Colierele de etansare pot fi fixate in orice punct al furtunului Kärcher Rain System®. Acestea poti fi instalate simplu si fiabil, orificiile colierului de etansare nemaifiind necesare.,Cod de comanda:2.645-235.0",Nou,La comanda,0.0,"22,00"
Karcher - Conector Universal Aqua Stop,2.645-192.0,"Cuplaj de furtun universal cu Aqua Stop. Design ergonomic pentru o manevrare usoara.,Cod de comanda:2.645-192.0",Nou,,24.0,"21,30"
Karcher - Aspersor pulverizare CS 90 Vario,2.645-025.0,"Pentru suprafete mici si gradini. Varf ascutit robust pentru sol denivelat sau dur. Adaptori suplimentari pentru irigarea suprafetelor dreptunghiulare. Sistem clic potrivit tuturor marcilor!,Cod de comanda:2.645-025.0",Nou,la comanda ,0.0,"21,00"
Karcher - Racord I,2.645-232.0,"Piesa in I conecteaza doua furtunuri Kärcher Rain System® si furtunuri de absorbtie. Utilizand piesa in I, furtunul de absorbtie, de exemplu, poate fi racordat la Kärcher Rain System®.,Cod de comanda:2.645-232.0",Nou,La comanda,0.0,"20,00"
Karcher - Opritor pentru furtun,2.645-233.0,"Prin piesa finala, furtunurile Kärcher Rain System® si furtunurile de absorbtie pot fi sigilate in mod sigur. Acesta este montat la capatul furtunului respectiv fara utilizarea de instrumente.,Cod de comanda:2.645-233.0",Nou,La comanda,0.0,"19,79"
Karcher - Conector Universal,2.645-191.0,"Cuplaj de furtun universal cu design ergonomic pentru manevrare usoara.,Cod de comanda:2.645-191.0",Nou,,20.0,"18,00"
Karcher - STROPITOR MANUAL MINI PENTRU STROPIT,2.645-264.0,Cod de comanda:2.645-264.0,Nou,,0.0,"16,00"
Karcher - Conexiune universala tripla,2.645-009.0,"Cuplaj cu trei capete pentru conectarea rapida a trei furtunuri. Design robust. Sistem clic potrivit tuturor marcilor!,Cod de comanda:2.645-009.0",Nou,,16.0,"14,79"
Karcher - Conexiune universala G1 cu piesa de reductie G3/4,2.645-007.0,"Racord pentru robinet, extrem de robust. Piesa de reductie permite racordarea la doua marimi de filet. Sistem clic potrivit tuturor marcilor!,Cod de comanda:2.645-007.0",Nou,,10.0,"9,19"
Karcher - Conexiune universala G3/4 cu piesa de reductie G1/2,2.645-006.0,"Racord pentru robinet, extrem de robust. Piesa de reductie permite racordarea la doua marimi de filet. Sistem clic potrivit tuturor marcilor!,Cod de comanda:2.645-006.0",Nou,,10.0,"9,19"
Karcher - Racordare aparate G3/4,2.645-099.0,"Racord prin filetare 3/4"" pentru conectarea furtunurilor la aspersoare de exemplu (cu filet intern).,Cod de comanda:2.645-099.0",Nou,,10.0,"9,19"
Karcher - Conexiune universala dubla,2.645-008.0,"Pentru conectarea rapida a doua furtunuri. Design robust. Sistem clic potrivit tuturor marcilor!,Cod de comanda:2.645-008.0",Nou,,10.0,"9,18"
Karcher - Racordare aparate G1/2,2.645-098.0,"Racord prin filetare 1/2"" pentru conectarea furtunurilor la aspersoare de exemplu (filet intern).,Cod de comanda:2.645-098.0",Nou,,10.0,"8,00"
